Time,FLOW,TEMP,SALT
2010-01-01 00:00:00,0.709,0,0
2010-01-02 00:00:00,0.691,0,0
2010-01-03 00:00:00,0.677,0,0
2010-01-04 00:00:00,0.662,0,0
2010-01-05 00:00:00,0.647,0,0
2010-01-06 00:00:00,0.633,0,0
2010-01-07 00:00:00,0.619,0,0
2010-01-08 00:00:00,0.607,0.1,0
2010-01-09 00:00:00,0.594,0,0
2010-01-10 00:00:00,0.583,0,0
2010-01-11 00:00:00,0.571,0,0
2010-01-12 00:00:00,0.558,0,0
2010-01-13 00:00:00,0.544,0,0
2010-01-14 00:00:00,0.53,0,0
2010-01-15 00:00:00,0.517,0.1,0
2010-01-16 00:00:00,0.503,0.1,0
2010-01-17 00:00:00,0.492,0.1,0
2010-01-18 00:00:00,0.479,0.1,0
2010-01-19 00:00:00,0.47,0.2,0
2010-01-20 00:00:00,0.459,0.1,0
2010-01-21 00:00:00,0.449,0.1,0
2010-01-22 00:00:00,0.441,0.1,0
2010-01-23 00:00:00,0.431,0,0
2010-01-24 00:00:00,0.422,0,0
2010-01-25 00:00:00,0.411,0,0
2010-01-26 00:00:00,0.399,0,0
2010-01-27 00:00:00,0.386,0,0
2010-01-28 00:00:00,0.381,0,0
2010-01-29 00:00:00,0.373,0,0
2010-01-30 00:00:00,0.364,0,0
2010-01-31 00:00:00,0.355,0,0
2010-02-01 00:00:00,0.35,0,0
2010-02-02 00:00:00,0.348,0,0
2010-02-03 00:00:00,0.348,0.1,0
2010-02-04 00:00:00,0.35,0.1,0
2010-02-05 00:00:00,0.354,0.1,0
2010-02-06 00:00:00,0.362,0.1,0
2010-02-07 00:00:00,0.372,0.1,0
2010-02-08 00:00:00,0.381,0,0
2010-02-09 00:00:00,0.387,0,0
2010-02-10 00:00:00,0.391,0,0
2010-02-11 00:00:00,0.391,0,0
2010-02-12 00:00:00,0.39,0,0
2010-02-13 00:00:00,0.387,0,0
2010-02-14 00:00:00,0.381,0,0
2010-02-15 00:00:00,0.375,0,0
2010-02-16 00:00:00,0.382,0,0
2010-02-17 00:00:00,0.502,0,0
2010-02-18 00:00:00,0.608,0,0
2010-02-19 00:00:00,0.673,0,0
2010-02-20 00:00:00,0.639,0,0
2010-02-21 00:00:00,0.614,0,0
2010-02-22 00:00:00,0.587,0,0
2010-02-23 00:00:00,0.558,0,0
2010-02-24 00:00:00,0.532,0,0
2010-02-25 00:00:00,0.507,0,0
2010-02-26 00:00:00,0.484,0,0
2010-02-27 00:00:00,0.461,0.1,0
2010-02-28 00:00:00,0.443,0.1,0
2010-03-01 00:00:00,0.434,0.1,0
2010-03-02 00:00:00,0.436,0.2,0
2010-03-03 00:00:00,0.488,0.2,0
2010-03-04 00:00:00,0.542,0.2,0
2010-03-05 00:00:00,0.569,0.1,0
2010-03-06 00:00:00,0.562,0,0
2010-03-07 00:00:00,0.547,0,0
2010-03-08 00:00:00,0.529,0.1,0
2010-03-09 00:00:00,0.51,0.1,0
2010-03-10 00:00:00,0.499,0.2,0
2010-03-11 00:00:00,0.506,0.2,0
2010-03-12 00:00:00,0.526,0.3,0
2010-03-13 00:00:00,0.544,0.3,0
2010-03-14 00:00:00,0.556,0.2,0
2010-03-15 00:00:00,0.56,0.2,0
2010-03-16 00:00:00,0.558,0,0
2010-03-17 00:00:00,0.553,0,0
2010-03-18 00:00:00,0.547,0.2,0
2010-03-19 00:00:00,0.538,0.4,0
2010-03-20 00:00:00,0.565,0.8,0
2010-03-21 00:00:00,0.847,0.8,0
2010-03-22 00:00:00,1.525,0.7,0
2010-03-23 00:00:00,1.902,0.8,0
2010-03-24 00:00:00,1.935,0.8,0
2010-03-25 00:00:00,1.945,0.9,0
2010-03-26 00:00:00,1.883,1.1,0
2010-03-27 00:00:00,1.822,1.1,0
2010-03-28 00:00:00,2.077,1,0
2010-03-29 00:00:00,2.518,1.1,0
2010-03-30 00:00:00,2.689,1.1,0
2010-03-31 00:00:00,2.995,1.1,0
2010-04-01 00:00:00,3.247,1.2,0
2010-04-02 00:00:00,3.319,1.2,0
2010-04-03 00:00:00,3.848,1.2,0
2010-04-04 00:00:00,4.225,1.1,0
2010-04-05 00:00:00,4.616,1,0
2010-04-06 00:00:00,4.638,1.3,0
2010-04-07 00:00:00,4.656,1.4,0
2010-04-08 00:00:00,5.02,1.6,0
2010-04-09 00:00:00,5.912,1.5,0
2010-04-10 00:00:00,7.231,1.7,0
2010-04-11 00:00:00,7.901,2.1,0
2010-04-12 00:00:00,7.949,2.7,0
2010-04-13 00:00:00,7.745,3.1,0
2010-04-14 00:00:00,7.811,3.4,0
2010-04-15 00:00:00,8.008,3.9,0
2010-04-16 00:00:00,8.354,4,0
2010-04-17 00:00:00,8.904,4.5,0
2010-04-18 00:00:00,9.174,4.7,0
2010-04-19 00:00:00,9.199,5.1,0
2010-04-20 00:00:00,8.573,5.3,0
2010-04-21 00:00:00,7.654,5,0
2010-04-22 00:00:00,6.738,4.5,0
2010-04-23 00:00:00,6.167,4.7,0
2010-04-24 00:00:00,5.817,5.1,0
2010-04-25 00:00:00,5.447,6,0
2010-04-26 00:00:00,4.977,6.9,0
2010-04-27 00:00:00,4.512,7.5,0
2010-04-28 00:00:00,4.072,7.5,0
2010-04-29 00:00:00,3.669,8.5,0
2010-04-30 00:00:00,3.298,9.6,0
2010-05-01 00:00:00,2.96,10.1,0
2010-05-02 00:00:00,2.653,9.6,0
2010-05-03 00:00:00,2.367,9,0
2010-05-04 00:00:00,2.112,8.5,0
2010-05-05 00:00:00,1.886,7.9,0
2010-05-06 00:00:00,1.703,8.2,0
2010-05-07 00:00:00,1.621,8.3,0
2010-05-08 00:00:00,1.555,8,0
2010-05-09 00:00:00,1.51,8.2,0
2010-05-10 00:00:00,1.481,8.2,0
2010-05-11 00:00:00,1.464,8.7,0
2010-05-12 00:00:00,1.452,9.1,0
2010-05-13 00:00:00,1.447,10.2,0
2010-05-14 00:00:00,1.448,11.2,0
2010-05-15 00:00:00,1.45,12.7,0
2010-05-16 00:00:00,1.452,12.9,0
2010-05-17 00:00:00,1.456,13.6,0
2010-05-18 00:00:00,1.455,14.2,0
2010-05-19 00:00:00,1.454,14.7,0
2010-05-20 00:00:00,1.45,15.4,0
2010-05-21 00:00:00,1.445,15.1,0
2010-05-22 00:00:00,1.436,15.5,0
2010-05-23 00:00:00,1.427,13.4,0
2010-05-24 00:00:00,1.459,12.6,0
2010-05-25 00:00:00,1.477,11.4,0
2010-05-26 00:00:00,1.488,11.6,0
2010-05-27 00:00:00,1.484,11.5,0
2010-05-28 00:00:00,1.475,11.7,0
2010-05-29 00:00:00,1.461,11.6,0
2010-05-30 00:00:00,1.446,12.4,0
2010-05-31 00:00:00,1.431,12.8,0
2010-06-01 00:00:00,1.415,12.8,0
2010-06-02 00:00:00,1.393,13.6,0
2010-06-03 00:00:00,1.367,14.7,0
2010-06-04 00:00:00,1.328,14.3,0
2010-06-05 00:00:00,1.283,13.2,0
2010-06-06 00:00:00,1.244,13.3,0
2010-06-07 00:00:00,1.206,13.4,0
2010-06-08 00:00:00,1.165,13.9,0
2010-06-09 00:00:00,1.126,14.1,0
2010-06-10 00:00:00,1.086,14.5,0
2010-06-11 00:00:00,1.046,13.9,0
2010-06-12 00:00:00,1.025,13.8,0
2010-06-13 00:00:00,1.007,14.1,0
2010-06-14 00:00:00,0.994,13.6,0
2010-06-15 00:00:00,0.962,12.5,0
2010-06-16 00:00:00,0.915,12.8,0
2010-06-17 00:00:00,0.869,14.2,0
2010-06-18 00:00:00,0.829,14.3,0
2010-06-19 00:00:00,0.801,14.4,0
2010-06-20 00:00:00,0.775,14,0
2010-06-21 00:00:00,0.756,13.7,0
2010-06-22 00:00:00,0.736,14.8,0
2010-06-23 00:00:00,0.714,15.3,0
2010-06-24 00:00:00,0.687,16.2,0
2010-06-25 00:00:00,0.658,17,0
2010-06-26 00:00:00,0.628,16.4,0
2010-06-27 00:00:00,0.598,16.5,0
2010-06-28 00:00:00,0.572,17.4,0
2010-06-29 00:00:00,0.545,18.5,0
2010-06-30 00:00:00,0.515,19.1,0
2010-07-01 00:00:00,0.487,17.9,0
2010-07-02 00:00:00,0.46,18.2,0
2010-07-03 00:00:00,0.436,19.7,0
2010-07-04 00:00:00,0.411,20.9,0
2010-07-05 00:00:00,0.389,20.9,0
2010-07-06 00:00:00,0.368,19.7,0
2010-07-07 00:00:00,0.348,19.8,0
2010-07-08 00:00:00,0.33,20.2,0
2010-07-09 00:00:00,0.313,20.7,0
2010-07-10 00:00:00,0.296,21.3,0
2010-07-11 00:00:00,0.28,22.1,0
2010-07-12 00:00:00,0.266,23.3,0
2010-07-13 00:00:00,0.251,23.9,0
2010-07-14 00:00:00,0.24,23.1,0
2010-07-15 00:00:00,0.228,22.3,0
2010-07-16 00:00:00,0.223,22.4,0
2010-07-17 00:00:00,0.212,22,0
2010-07-18 00:00:00,0.204,21.5,0
2010-07-19 00:00:00,0.194,20.5,0
2010-07-20 00:00:00,0.185,21.1,0
2010-07-21 00:00:00,0.174,21.7,0
2010-07-22 00:00:00,0.167,21.8,0
2010-07-23 00:00:00,0.16,17.8,0
2010-07-24 00:00:00,0.152,16.6,0
2010-07-25 00:00:00,0.285,16.9,0
2010-07-26 00:00:00,0.287,17.6,0
2010-07-27 00:00:00,0.365,18.2,0
2010-07-28 00:00:00,0.379,18.2,0
2010-07-29 00:00:00,0.373,18.1,0
2010-07-30 00:00:00,0.377,18.4,0
2010-07-31 00:00:00,0.413,18,0
2010-08-01 00:00:00,0.439,18.4,0
2010-08-02 00:00:00,0.435,17.1,0
2010-08-03 00:00:00,0.445,17,0
2010-08-04 00:00:00,0.476,16.5,0
2010-08-05 00:00:00,0.542,16.9,0
2010-08-06 00:00:00,0.684,17.2,0
2010-08-07 00:00:00,0.714,16.9,0
2010-08-08 00:00:00,0.729,17,0
2010-08-09 00:00:00,0.772,17.6,0
2010-08-10 00:00:00,0.763,17.5,0
2010-08-11 00:00:00,0.809,17.7,0
2010-08-12 00:00:00,0.759,18.4,0
2010-08-13 00:00:00,0.698,19.2,0
2010-08-14 00:00:00,0.643,20.1,0
2010-08-15 00:00:00,0.598,19.3,0
2010-08-16 00:00:00,0.558,18.3,0
2010-08-17 00:00:00,0.524,18,0
2010-08-18 00:00:00,0.497,17.4,0
2010-08-19 00:00:00,0.555,17.1,0
2010-08-20 00:00:00,0.546,16.1,0
2010-08-21 00:00:00,0.569,16.6,0
2010-08-22 00:00:00,0.542,16.8,0
2010-08-23 00:00:00,0.517,16.7,0
2010-08-24 00:00:00,0.495,16.3,0
2010-08-25 00:00:00,0.476,15.1,0
2010-08-26 00:00:00,0.46,14.2,0
2010-08-27 00:00:00,0.449,13.4,0
2010-08-28 00:00:00,0.434,12.7,0
2010-08-29 00:00:00,0.418,12.1,0
2010-08-30 00:00:00,0.404,12.1,0
2010-08-31 00:00:00,0.388,12,0
2010-09-01 00:00:00,0.373,11.9,0
2010-09-02 00:00:00,0.359,11.2,0
2010-09-03 00:00:00,0.348,10.7,0
2010-09-04 00:00:00,0.338,10.4,0
2010-09-05 00:00:00,0.328,10.6,0
2010-09-06 00:00:00,0.341,11.4,0
2010-09-07 00:00:00,0.328,11.8,0
2010-09-08 00:00:00,0.316,12.2,0
2010-09-09 00:00:00,0.303,12.5,0
2010-09-10 00:00:00,0.292,12.8,0
2010-09-11 00:00:00,0.282,13.3,0
2010-09-12 00:00:00,0.273,14.2,0
2010-09-13 00:00:00,0.262,13.9,0
2010-09-14 00:00:00,0.256,13.2,0
2010-09-15 00:00:00,0.251,12.5,0
2010-09-16 00:00:00,0.257,11.9,0
2010-09-17 00:00:00,0.343,11.9,0
2010-09-18 00:00:00,0.531,11.3,0
2010-09-19 00:00:00,0.632,11,0
2010-09-20 00:00:00,0.677,10.2,0
2010-09-21 00:00:00,0.678,11,0
2010-09-22 00:00:00,0.707,11,0
2010-09-23 00:00:00,0.851,11.5,0
2010-09-24 00:00:00,0.922,12.5,0
2010-09-25 00:00:00,0.876,12.3,0
2010-09-26 00:00:00,0.815,11.3,0
2010-09-27 00:00:00,0.756,10.4,0
2010-09-28 00:00:00,0.702,9.7,0
2010-09-29 00:00:00,0.655,8.6,0
2010-09-30 00:00:00,0.611,7.7,0
2010-10-01 00:00:00,0.572,7.1,0
2010-10-02 00:00:00,0.537,6.9,0
2010-10-03 00:00:00,0.504,7.8,0
2010-10-04 00:00:00,0.474,9,0
2010-10-05 00:00:00,0.447,9.2,0
2010-10-06 00:00:00,0.42,9.6,0
2010-10-07 00:00:00,0.398,9.5,0
2010-10-08 00:00:00,0.382,9.5,0
2010-10-09 00:00:00,0.364,8.7,0
2010-10-10 00:00:00,0.348,7.5,0
2010-10-11 00:00:00,0.332,6.2,0
2010-10-12 00:00:00,0.318,5.6,0
2010-10-13 00:00:00,0.305,5.1,0
2010-10-14 00:00:00,0.293,5.4,0
2010-10-15 00:00:00,0.28,3.8,0
2010-10-16 00:00:00,0.269,2.3,0
2010-10-17 00:00:00,0.259,2.8,0
2010-10-18 00:00:00,0.249,4.1,0
2010-10-19 00:00:00,0.24,5.2,0
2010-10-20 00:00:00,0.234,4.6,0
2010-10-21 00:00:00,0.228,1.5,0
2010-10-22 00:00:00,0.223,1,0
2010-10-23 00:00:00,0.219,1.5,0
2010-10-24 00:00:00,0.22,1.7,0
2010-10-25 00:00:00,0.278,1.8,0
2010-10-26 00:00:00,0.404,1.7,0
2010-10-27 00:00:00,0.584,2.7,0
2010-10-28 00:00:00,0.67,4.8,0
2010-10-29 00:00:00,0.712,5.6,0
2010-10-30 00:00:00,0.714,6.5,0
2010-10-31 00:00:00,0.688,6.8,0
2010-11-01 00:00:00,0.65,6.3,0
2010-11-02 00:00:00,0.612,4.8,0
2010-11-03 00:00:00,0.578,5.9,0
2010-11-04 00:00:00,0.582,5.5,0
2010-11-05 00:00:00,0.61,3.7,0
2010-11-06 00:00:00,0.682,2.7,0
2010-11-07 00:00:00,0.707,0.9,0
2010-11-08 00:00:00,0.695,0,0
2010-11-09 00:00:00,0.659,0.3,0
2010-11-10 00:00:00,0.63,1.6,0
2010-11-11 00:00:00,0.813,1.7,0
2010-11-12 00:00:00,1.053,2.4,0
2010-11-13 00:00:00,1.125,3.4,0
2010-11-14 00:00:00,1.346,3.8,0
2010-11-15 00:00:00,1.495,3.4,0
2010-11-16 00:00:00,1.512,3.2,0
2010-11-17 00:00:00,1.962,2.2,0
2010-11-18 00:00:00,2.097,2.2,0
2010-11-19 00:00:00,1.987,2,0
2010-11-20 00:00:00,1.863,2,0
2010-11-21 00:00:00,1.764,2.2,0
2010-11-22 00:00:00,1.692,2,0
2010-11-23 00:00:00,1.659,1.5,0
2010-11-24 00:00:00,1.619,0.9,0
2010-11-25 00:00:00,1.588,0.2,0
2010-11-26 00:00:00,1.534,0,0
2010-11-27 00:00:00,1.468,0,0
2010-11-28 00:00:00,1.396,0,0
2010-11-29 00:00:00,1.321,0,0
2010-11-30 00:00:00,1.245,0,0
2010-12-01 00:00:00,1.172,0,0
2010-12-02 00:00:00,1.102,0.1,0
2010-12-03 00:00:00,1.037,0.1,0
2010-12-04 00:00:00,0.977,0.1,0
2010-12-05 00:00:00,0.92,0.2,0
2010-12-06 00:00:00,0.867,0.3,0
2010-12-07 00:00:00,0.818,0,0
2010-12-08 00:00:00,0.775,0,0
2010-12-09 00:00:00,0.733,0,0
2010-12-10 00:00:00,0.707,0,0
2010-12-11 00:00:00,0.701,0,0
2010-12-12 00:00:00,0.696,0,0
2010-12-13 00:00:00,0.693,0,0
2010-12-14 00:00:00,0.693,0,0
2010-12-15 00:00:00,0.693,0,0
2010-12-16 00:00:00,0.693,0.1,0
2010-12-17 00:00:00,0.698,0.1,0
2010-12-18 00:00:00,0.702,0.1,0
2010-12-19 00:00:00,0.707,0,0
2010-12-20 00:00:00,0.718,0,0
2010-12-21 00:00:00,0.731,0,0
2010-12-22 00:00:00,0.748,0,0
2010-12-23 00:00:00,0.763,0,0
2010-12-24 00:00:00,0.777,0,0
2010-12-25 00:00:00,0.79,0.1,0
2010-12-26 00:00:00,0.806,0.1,0
2010-12-27 00:00:00,0.82,0.1,0
2010-12-28 00:00:00,0.829,0.1,0
2010-12-29 00:00:00,0.837,0.1,0
2010-12-30 00:00:00,0.844,0,0
2010-12-31 00:00:00,0.849,0,0
2011-01-01 00:00:00,0.861,0,0
2011-01-02 00:00:00,0.87,0,0
2011-01-03 00:00:00,0.882,0,0
2011-01-04 00:00:00,0.894,0,0
2011-01-05 00:00:00,0.908,0,0
2011-01-06 00:00:00,0.919,0.1,0
2011-01-07 00:00:00,0.93,0.1,0
2011-01-08 00:00:00,0.944,0.1,0
2011-01-09 00:00:00,0.962,0.2,0
2011-01-10 00:00:00,0.976,0.3,0
2011-01-11 00:00:00,1.048,0.5,0
2011-01-12 00:00:00,1.108,0.5,0
2011-01-13 00:00:00,1.145,0.5,0
2011-01-14 00:00:00,1.197,0,0
2011-01-15 00:00:00,1.228,0,0
2011-01-16 00:00:00,1.233,0.2,0
2011-01-17 00:00:00,1.228,0.7,0
2011-01-18 00:00:00,1.297,1.3,0
2011-01-19 00:00:00,1.639,1.4,0
2011-01-20 00:00:00,1.86,1.2,0
2011-01-21 00:00:00,1.912,1,0
2011-01-22 00:00:00,1.87,0.9,0
2011-01-23 00:00:00,1.798,0.1,0
2011-01-24 00:00:00,1.718,0.5,0
2011-01-25 00:00:00,1.637,0.4,0
2011-01-26 00:00:00,1.567,0,0
2011-01-27 00:00:00,1.501,0,0
2011-01-28 00:00:00,1.441,0.1,0
2011-01-29 00:00:00,1.384,0.4,0
2011-01-30 00:00:00,1.328,0.4,0
2011-01-31 00:00:00,1.279,0.5,0
2011-02-01 00:00:00,1.235,0.6,0
2011-02-02 00:00:00,1.193,0.9,0
2011-02-03 00:00:00,1.202,1.2,0
2011-02-04 00:00:00,1.27,1.4,0
2011-02-05 00:00:00,1.43,1.3,0
2011-02-06 00:00:00,1.536,1.2,0
2011-02-07 00:00:00,1.553,1.1,0
2011-02-08 00:00:00,1.524,1.2,0
2011-02-09 00:00:00,1.515,0.4,0
2011-02-10 00:00:00,1.488,0,0
2011-02-11 00:00:00,1.452,0,0
2011-02-12 00:00:00,1.402,0,0
2011-02-13 00:00:00,1.355,0,0
2011-02-14 00:00:00,1.307,0,0
2011-02-15 00:00:00,1.258,0,0
2011-02-16 00:00:00,1.211,0.1,0
2011-02-17 00:00:00,1.163,0.1,0
2011-02-18 00:00:00,1.118,0,0
2011-02-19 00:00:00,1.074,0,0
2011-02-20 00:00:00,1.032,0,0
2011-02-21 00:00:00,0.994,0.1,0
2011-02-22 00:00:00,0.957,0,0
2011-02-23 00:00:00,0.922,0,0
2011-02-24 00:00:00,0.888,0,0
2011-02-25 00:00:00,0.858,0.1,0
2011-02-26 00:00:00,0.833,0.1,0
2011-02-27 00:00:00,0.802,0.2,0
2011-02-28 00:00:00,0.774,0.2,0
2011-03-01 00:00:00,0.747,0.2,0
2011-03-02 00:00:00,0.724,0.2,0
2011-03-03 00:00:00,0.7,0.2,0
2011-03-04 00:00:00,0.677,0.3,0
2011-03-05 00:00:00,0.655,0.3,0
2011-03-06 00:00:00,0.632,0.3,0
2011-03-07 00:00:00,0.614,0.3,0
2011-03-08 00:00:00,0.594,0.4,0
2011-03-09 00:00:00,0.573,0.7,0
2011-03-10 00:00:00,0.623,0.9,0
2011-03-11 00:00:00,0.673,1.3,0
2011-03-12 00:00:00,0.944,1.4,0
2011-03-13 00:00:00,1.044,1.4,0
2011-03-14 00:00:00,1.205,1.5,0
2011-03-15 00:00:00,1.256,1,0
2011-03-16 00:00:00,1.308,0.7,0
2011-03-17 00:00:00,1.292,0.8,0
2011-03-18 00:00:00,1.246,1,0
2011-03-19 00:00:00,1.194,1.2,0
2011-03-20 00:00:00,1.17,1.2,0
2011-03-21 00:00:00,1.134,1.7,0
2011-03-22 00:00:00,1.1,2.2,0
2011-03-23 00:00:00,1.459,2.2,0
2011-03-24 00:00:00,2.527,2,0
2011-03-25 00:00:00,3.539,1.7,0
2011-03-26 00:00:00,4.024,1.4,0
2011-03-27 00:00:00,3.922,1.6,0
2011-03-28 00:00:00,3.667,1.5,0
2011-03-29 00:00:00,3.4,1.4,0
2011-03-30 00:00:00,3.139,1.3,0
2011-03-31 00:00:00,2.91,1.4,0
2011-04-01 00:00:00,2.707,1.7,0
2011-04-02 00:00:00,2.576,2.3,0
2011-04-03 00:00:00,2.539,2.7,0
2011-04-04 00:00:00,3.005,2.8,0
2011-04-05 00:00:00,4.301,3.2,0
2011-04-06 00:00:00,5.275,3.6,0
2011-04-07 00:00:00,6.513,3.9,0
2011-04-08 00:00:00,8.151,4.1,0
2011-04-09 00:00:00,9.462,4.6,0
2011-04-10 00:00:00,10.331,5,0
2011-04-11 00:00:00,10.88,5.6,0
2011-04-12 00:00:00,10.979,5.8,0
2011-04-13 00:00:00,10.313,5.9,0
2011-04-14 00:00:00,9.244,6.3,0
2011-04-15 00:00:00,8.063,6.8,0
2011-04-16 00:00:00,6.973,7.8,0
2011-04-17 00:00:00,6.023,8.6,0
2011-04-18 00:00:00,5.203,9.1,0
2011-04-19 00:00:00,4.507,8.7,0
2011-04-20 00:00:00,3.916,9.3,0
2011-04-21 00:00:00,3.417,9.8,0
2011-04-22 00:00:00,2.99,9.9,0
2011-04-23 00:00:00,2.622,10.3,0
2011-04-24 00:00:00,2.303,11.1,0
2011-04-25 00:00:00,2.023,12.1,0
2011-04-26 00:00:00,1.77,11.7,0
2011-04-27 00:00:00,1.551,11.3,0
2011-04-28 00:00:00,1.393,11,0
2011-04-29 00:00:00,1.324,10.7,0
2011-04-30 00:00:00,1.278,9.7,0
2011-05-01 00:00:00,1.251,8.6,0
2011-05-02 00:00:00,1.237,7.4,0
2011-05-03 00:00:00,1.233,6.7,0
2011-05-04 00:00:00,1.237,6.7,0
2011-05-05 00:00:00,1.241,7,0
2011-05-06 00:00:00,1.246,7.8,0
2011-05-07 00:00:00,1.242,9,0
2011-05-08 00:00:00,1.235,10.4,0
2011-05-09 00:00:00,1.224,11.8,0
2011-05-10 00:00:00,1.214,13.4,0
2011-05-11 00:00:00,1.201,14.2,0
2011-05-12 00:00:00,1.187,14.4,0
2011-05-13 00:00:00,1.174,12.5,0
2011-05-14 00:00:00,1.163,12,0
2011-05-15 00:00:00,1.151,11,0
2011-05-16 00:00:00,1.161,10.8,0
2011-05-17 00:00:00,1.154,11.1,0
2011-05-18 00:00:00,1.145,11.9,0
2011-05-19 00:00:00,1.136,13.5,0
2011-05-20 00:00:00,1.126,13.9,0
2011-05-21 00:00:00,1.113,13.9,0
2011-05-22 00:00:00,1.095,14.4,0
2011-05-23 00:00:00,1.074,14.3,0
2011-05-24 00:00:00,1.047,14.2,0
2011-05-25 00:00:00,1.026,13.9,0
2011-05-26 00:00:00,0.998,13.4,0
2011-05-27 00:00:00,0.971,12.8,0
2011-05-28 00:00:00,0.933,13,0
2011-05-29 00:00:00,0.894,13.3,0
2011-05-30 00:00:00,0.858,14.5,0
2011-05-31 00:00:00,0.824,15.7,0
2011-06-01 00:00:00,0.797,15.3,0
2011-06-02 00:00:00,0.759,15.6,0
2011-06-03 00:00:00,0.72,16.6,0
2011-06-04 00:00:00,0.686,17.5,0
2011-06-05 00:00:00,0.653,15.6,0
2011-06-06 00:00:00,0.618,16.2,0
2011-06-07 00:00:00,0.589,18.3,0
2011-06-08 00:00:00,0.555,18.6,0
2011-06-09 00:00:00,0.524,18.8,0
2011-06-10 00:00:00,0.494,19.4,0
2011-06-11 00:00:00,0.466,20.1,0
2011-06-12 00:00:00,0.44,19.4,0
2011-06-13 00:00:00,0.415,17.6,0
2011-06-14 00:00:00,0.395,15.3,0
2011-06-15 00:00:00,0.377,14.4,0
2011-06-16 00:00:00,0.361,14.9,0
2011-06-17 00:00:00,0.359,14.3,0
2011-06-18 00:00:00,0.374,14.9,0
2011-06-19 00:00:00,0.372,13.7,0
2011-06-20 00:00:00,0.402,14.3,0
2011-06-21 00:00:00,0.435,15.2,0
2011-06-22 00:00:00,0.501,15.9,0
2011-06-23 00:00:00,0.513,15.2,0
2011-06-24 00:00:00,0.526,15.7,0
2011-06-25 00:00:00,0.566,15.3,0
2011-06-26 00:00:00,0.584,15.8,0
2011-06-27 00:00:00,0.572,17,0
2011-06-28 00:00:00,0.554,18.6,0
2011-06-29 00:00:00,0.533,19.7,0
2011-06-30 00:00:00,0.505,19.5,0
2011-07-01 00:00:00,0.477,19.5,0
2011-07-02 00:00:00,0.452,20.1,0
2011-07-03 00:00:00,0.429,18,0
2011-07-04 00:00:00,0.407,16.8,0
2011-07-05 00:00:00,0.42,16.9,0
2011-07-06 00:00:00,0.425,17.2,0
2011-07-07 00:00:00,0.416,18.3,0
2011-07-08 00:00:00,0.399,19.5,0
2011-07-09 00:00:00,0.376,20.2,0
2011-07-10 00:00:00,0.355,19.9,0
2011-07-11 00:00:00,0.334,19.2,0
2011-07-12 00:00:00,0.316,18.4,0
2011-07-13 00:00:00,0.3,16.4,0
2011-07-14 00:00:00,0.284,15.9,0
2011-07-15 00:00:00,0.27,16.6,0
2011-07-16 00:00:00,0.256,16.8,0
2011-07-17 00:00:00,0.243,17.7,0
2011-07-18 00:00:00,0.23,18.4,0
2011-07-19 00:00:00,0.219,18.9,0
2011-07-20 00:00:00,0.208,19.1,0
2011-07-21 00:00:00,0.198,17.8,0
2011-07-22 00:00:00,0.19,19.5,0
2011-07-23 00:00:00,0.183,20.1,0
2011-07-24 00:00:00,0.174,19.1,0
2011-07-25 00:00:00,0.165,18,0
2011-07-26 00:00:00,0.158,18.7,0
2011-07-27 00:00:00,0.151,19.4,0
2011-07-28 00:00:00,0.144,19.8,0
2011-07-29 00:00:00,0.137,19.9,0
2011-07-30 00:00:00,0.13,20,0
2011-07-31 00:00:00,0.124,19.7,0
2011-08-01 00:00:00,0.117,19.3,0
2011-08-02 00:00:00,0.111,18.3,0
2011-08-03 00:00:00,0.106,18.1,0
2011-08-04 00:00:00,0.1,18.9,0
2011-08-05 00:00:00,0.095,18.8,0
2011-08-06 00:00:00,0.091,19.8,0
2011-08-07 00:00:00,0.086,18.4,0
2011-08-08 00:00:00,0.14,17.8,0
2011-08-09 00:00:00,0.171,16.6,0
2011-08-10 00:00:00,0.23,15.5,0
2011-08-11 00:00:00,0.264,15,0
2011-08-12 00:00:00,0.257,14.2,0
2011-08-13 00:00:00,0.246,14.7,0
2011-08-14 00:00:00,0.235,15.7,0
2011-08-15 00:00:00,0.226,16.9,0
2011-08-16 00:00:00,0.217,17.1,0
2011-08-17 00:00:00,0.208,16.3,0
2011-08-18 00:00:00,0.2,15.8,0
2011-08-19 00:00:00,0.194,15.5,0
2011-08-20 00:00:00,0.28,15.5,0
2011-08-21 00:00:00,0.301,15.4,0
2011-08-22 00:00:00,0.347,15.5,0
2011-08-23 00:00:00,0.35,15.6,0
2011-08-24 00:00:00,0.337,15.2,0
2011-08-25 00:00:00,0.318,16.1,0
2011-08-26 00:00:00,0.297,17.1,0
2011-08-27 00:00:00,0.28,17.9,0
2011-08-28 00:00:00,0.264,17.3,0
2011-08-29 00:00:00,0.251,15.7,0
2011-08-30 00:00:00,0.241,14.2,0
2011-08-31 00:00:00,0.233,13.7,0
2011-09-01 00:00:00,0.226,13.4,0
2011-09-02 00:00:00,0.221,13.5,0
2011-09-03 00:00:00,0.215,13.5,0
2011-09-04 00:00:00,0.209,14.7,0
2011-09-05 00:00:00,0.203,16,0
2011-09-06 00:00:00,0.2,15.6,0
2011-09-07 00:00:00,0.196,14.7,0
2011-09-08 00:00:00,0.208,13.5,0
2011-09-09 00:00:00,0.213,13.2,0
2011-09-10 00:00:00,0.251,12.9,0
2011-09-11 00:00:00,0.319,13.6,0
2011-09-12 00:00:00,0.378,14.1,0
2011-09-13 00:00:00,0.447,14.2,0
2011-09-14 00:00:00,0.682,14.1,0
2011-09-15 00:00:00,0.858,12.7,0
2011-09-16 00:00:00,0.903,12.4,0
2011-09-17 00:00:00,0.88,11,0
2011-09-18 00:00:00,0.824,11.1,0
2011-09-19 00:00:00,0.768,11.8,0
2011-09-20 00:00:00,0.723,12.3,0
2011-09-21 00:00:00,0.686,12.2,0
2011-09-22 00:00:00,0.648,12.3,0
2011-09-23 00:00:00,0.614,11.6,0
2011-09-24 00:00:00,0.58,11,0
2011-09-25 00:00:00,0.548,11.3,0
2011-09-26 00:00:00,0.519,12,0
2011-09-27 00:00:00,0.492,11.6,0
2011-09-28 00:00:00,0.465,11.5,0
2011-09-29 00:00:00,0.441,13.1,0
2011-09-30 00:00:00,0.418,13.5,0
2011-10-01 00:00:00,0.397,12,0
2011-10-02 00:00:00,0.377,12.1,0
2011-10-03 00:00:00,0.402,11.5,0
2011-10-04 00:00:00,0.395,12.1,0
2011-10-05 00:00:00,0.454,11.5,0
2011-10-06 00:00:00,0.515,12,0
2011-10-07 00:00:00,0.528,10.1,0
2011-10-08 00:00:00,0.513,8.6,0
2011-10-09 00:00:00,0.49,7.2,0
2011-10-10 00:00:00,0.469,7.5,0
2011-10-11 00:00:00,0.458,6.6,0
2011-10-12 00:00:00,0.441,5.8,0
2011-10-13 00:00:00,0.422,6.1,0
2011-10-14 00:00:00,0.404,5.2,0
2011-10-15 00:00:00,0.384,5.1,0
2011-10-16 00:00:00,0.366,5.8,0
2011-10-17 00:00:00,0.35,5.5,0
2011-10-18 00:00:00,0.334,6.5,0
2011-10-19 00:00:00,0.332,6.6,0
2011-10-20 00:00:00,0.366,5.9,0
2011-10-21 00:00:00,0.395,4.7,0
2011-10-22 00:00:00,0.435,6.9,0
2011-10-23 00:00:00,0.45,7.4,0
2011-10-24 00:00:00,0.44,5.8,0
2011-10-25 00:00:00,0.418,5.4,0
2011-10-26 00:00:00,0.395,5.9,0
2011-10-27 00:00:00,0.375,6.8,0
2011-10-28 00:00:00,0.375,7.4,0
2011-10-29 00:00:00,0.368,6.6,0
2011-10-30 00:00:00,0.386,7.1,0
2011-10-31 00:00:00,0.399,7.2,0
2011-11-01 00:00:00,0.395,8.2,0
2011-11-02 00:00:00,0.382,8.5,0
2011-11-03 00:00:00,0.363,8.1,0
2011-11-04 00:00:00,0.343,7.7,0
2011-11-05 00:00:00,0.325,7.7,0
2011-11-06 00:00:00,0.307,7.6,0
2011-11-07 00:00:00,0.293,6.9,0
2011-11-08 00:00:00,0.279,5.6,0
2011-11-09 00:00:00,0.266,4.6,0
2011-11-10 00:00:00,0.255,4.6,0
2011-11-11 00:00:00,0.244,3.7,0
2011-11-12 00:00:00,0.234,2,0
2011-11-13 00:00:00,0.225,2,0
2011-11-14 00:00:00,0.216,3.3,0
2011-11-15 00:00:00,0.208,2.7,0
2011-11-16 00:00:00,0.201,1.9,0
2011-11-17 00:00:00,0.192,1.1,0
2011-11-18 00:00:00,0.185,1.5,0
2011-11-19 00:00:00,0.181,2.6,0
2011-11-20 00:00:00,0.176,2.5,0
2011-11-21 00:00:00,0.179,3.4,0
2011-11-22 00:00:00,0.201,2.3,0
2011-11-23 00:00:00,0.239,3.3,0
2011-11-24 00:00:00,0.285,4,0
2011-11-25 00:00:00,0.321,5.2,0
2011-11-26 00:00:00,0.345,4.4,0
2011-11-27 00:00:00,0.356,5.3,0
2011-11-28 00:00:00,0.388,4.3,0
2011-11-29 00:00:00,0.531,4.4,0
2011-11-30 00:00:00,0.741,4.9,0
2011-12-01 00:00:00,0.806,4.6,0
2011-12-02 00:00:00,0.804,3.4,0
2011-12-03 00:00:00,0.774,2,0
2011-12-04 00:00:00,0.736,2.8,0
2011-12-05 00:00:00,0.714,1.9,0
2011-12-06 00:00:00,0.738,0.4,0
2011-12-07 00:00:00,0.747,0.6,0
2011-12-08 00:00:00,0.73,0,0
2011-12-09 00:00:00,0.707,1,0
2011-12-10 00:00:00,0.733,2.4,0
2011-12-11 00:00:00,1.217,1.7,0
2011-12-12 00:00:00,1.427,2.1,0
2011-12-13 00:00:00,1.414,3,0
2011-12-14 00:00:00,1.425,3.4,0
2011-12-15 00:00:00,1.607,3.1,0
2011-12-16 00:00:00,1.546,2.8,0
2011-12-17 00:00:00,1.436,2.6,0
2011-12-18 00:00:00,1.432,3.1,0
2011-12-19 00:00:00,2.091,2.9,0
2011-12-20 00:00:00,2.664,2.7,0
2011-12-21 00:00:00,2.928,2.3,0
2011-12-22 00:00:00,2.837,1.9,0
2011-12-23 00:00:00,2.66,2.4,0
2011-12-24 00:00:00,2.478,2.7,0
2011-12-25 00:00:00,2.635,3,0
2011-12-26 00:00:00,2.671,3.9,0
2011-12-27 00:00:00,2.721,4.3,0
2011-12-28 00:00:00,2.633,3.4,0
2011-12-29 00:00:00,2.505,3.6,0
2011-12-30 00:00:00,2.373,2.6,0
2011-12-31 00:00:00,2.328,0.9,0
2012-01-01 00:00:00,2.262,0.7,0
2012-01-02 00:00:00,2.174,1.7,0
2012-01-03 00:00:00,2.086,2.3,0
2012-01-04 00:00:00,2.326,2.6,0
2012-01-05 00:00:00,2.804,2.1,0
2012-01-06 00:00:00,3.223,1.3,0
2012-01-07 00:00:00,3.239,0.5,0
2012-01-08 00:00:00,3.118,0.4,0
2012-01-09 00:00:00,2.954,0.1,0
2012-01-10 00:00:00,2.78,0.3,0
2012-01-11 00:00:00,2.608,0.9,0
2012-01-12 00:00:00,2.439,1.2,0
2012-01-13 00:00:00,2.383,1.1,0
2012-01-14 00:00:00,2.507,1,0
2012-01-15 00:00:00,2.524,0.6,0
2012-01-16 00:00:00,2.466,0.7,0
2012-01-17 00:00:00,2.367,1,0
2012-01-18 00:00:00,2.274,1,0
2012-01-19 00:00:00,2.17,0.9,0
2012-01-20 00:00:00,2.073,0.3,0
2012-01-21 00:00:00,1.964,0,0
2012-01-22 00:00:00,1.851,0.4,0
2012-01-23 00:00:00,1.739,0.2,0
2012-01-24 00:00:00,1.651,0.1,0
2012-01-25 00:00:00,1.56,0,0
2012-01-26 00:00:00,1.468,0.1,0
2012-01-27 00:00:00,1.377,0.1,0
2012-01-28 00:00:00,1.291,0,0
2012-01-29 00:00:00,1.21,0,0
2012-01-30 00:00:00,1.132,0,0
2012-01-31 00:00:00,1.059,0,0
2012-02-01 00:00:00,0.993,0,0
2012-02-02 00:00:00,0.931,0,0
2012-02-03 00:00:00,0.876,0,0
2012-02-04 00:00:00,0.828,0,0
2012-02-05 00:00:00,0.781,0,0
2012-02-06 00:00:00,0.736,0,0
2012-02-07 00:00:00,0.694,0.1,0
2012-02-08 00:00:00,0.655,0.1,0
2012-02-09 00:00:00,0.619,0,0
2012-02-10 00:00:00,0.587,0,0
2012-02-11 00:00:00,0.557,0,0
2012-02-12 00:00:00,0.531,0.1,0
2012-02-13 00:00:00,0.508,0.1,0
2012-02-14 00:00:00,0.487,0.1,0
2012-02-15 00:00:00,0.472,0.1,0
2012-02-16 00:00:00,0.464,0.1,0
2012-02-17 00:00:00,0.456,0.1,0
2012-02-18 00:00:00,0.447,0.1,0
2012-02-19 00:00:00,0.454,0.2,0
2012-02-20 00:00:00,0.461,0.3,0
2012-02-21 00:00:00,0.605,0.5,0
2012-02-22 00:00:00,0.679,0.6,0
2012-02-23 00:00:00,0.822,0.7,0
2012-02-24 00:00:00,1.418,0.7,0
2012-02-25 00:00:00,1.893,0.7,0
2012-02-26 00:00:00,2.161,0.6,0
2012-02-27 00:00:00,2.193,0.3,0
2012-02-28 00:00:00,2.13,0.7,0
2012-02-29 00:00:00,2.034,0.9,0
2012-03-01 00:00:00,2.129,0.9,0
2012-03-02 00:00:00,2.495,1,0
2012-03-03 00:00:00,2.845,0.8,0
2012-03-04 00:00:00,3.281,0.5,0
2012-03-05 00:00:00,3.29,0.1,0
2012-03-06 00:00:00,3.145,0,0
2012-03-07 00:00:00,2.954,0.3,0
2012-03-08 00:00:00,2.761,0.5,0
2012-03-09 00:00:00,2.575,0.9,0
2012-03-10 00:00:00,2.402,1.3,0
2012-03-11 00:00:00,2.371,1.2,0
2012-03-12 00:00:00,2.734,1.7,0
2012-03-13 00:00:00,3.139,2,0
2012-03-14 00:00:00,3.769,1.8,0
2012-03-15 00:00:00,3.847,2.4,0
2012-03-16 00:00:00,3.701,3,0
2012-03-17 00:00:00,3.498,3.4,0
2012-03-18 00:00:00,3.27,3.7,0
2012-03-19 00:00:00,3.04,3.2,0
2012-03-20 00:00:00,2.814,3.1,0
2012-03-21 00:00:00,2.599,4.1,0
2012-03-22 00:00:00,2.405,5.2,0
2012-03-23 00:00:00,2.216,5.5,0
2012-03-24 00:00:00,2.032,6,0
2012-03-25 00:00:00,1.858,5.6,0
2012-03-26 00:00:00,1.693,6,0
2012-03-27 00:00:00,1.542,7,0
2012-03-28 00:00:00,1.4,7.1,0
2012-03-29 00:00:00,1.272,6.5,0
2012-03-30 00:00:00,1.186,5.5,0
2012-03-31 00:00:00,1.114,3.8,0
2012-04-01 00:00:00,1.179,2.9,0
2012-04-02 00:00:00,1.244,2.5,0
2012-04-03 00:00:00,1.328,2.3,0
2012-04-04 00:00:00,1.395,2.6,0
2012-04-05 00:00:00,1.416,3.3,0
2012-04-06 00:00:00,1.447,2.9,0
2012-04-07 00:00:00,1.76,2.6,0
2012-04-08 00:00:00,1.906,2.7,0
2012-04-09 00:00:00,1.942,3.2,0
2012-04-10 00:00:00,1.921,3.8,0
2012-04-11 00:00:00,1.885,4.4,0
2012-04-12 00:00:00,1.965,5,0
2012-04-13 00:00:00,1.978,4.6,0
2012-04-14 00:00:00,2.111,3.6,0
2012-04-15 00:00:00,3.521,3.7,0
2012-04-16 00:00:00,4.531,4.1,0
2012-04-17 00:00:00,4.9,4.4,0
2012-04-18 00:00:00,4.726,4.7,0
2012-04-19 00:00:00,4.431,5.2,0
2012-04-20 00:00:00,4.092,4.9,0
2012-04-21 00:00:00,3.805,4.7,0
2012-04-22 00:00:00,4.171,5,0
2012-04-23 00:00:00,4.263,5.3,0
2012-04-24 00:00:00,4.373,6.1,0
2012-04-25 00:00:00,4.148,6.8,0
2012-04-26 00:00:00,3.852,6.9,0
2012-04-27 00:00:00,3.802,7.7,0
2012-04-28 00:00:00,3.703,8.6,0
2012-04-29 00:00:00,3.492,8.7,0
2012-04-30 00:00:00,3.242,9,0
2012-05-01 00:00:00,2.987,9,0
2012-05-02 00:00:00,2.732,9.6,0
2012-05-03 00:00:00,2.49,9.2,0
2012-05-04 00:00:00,2.26,8.7,0
2012-05-05 00:00:00,2.048,9.3,0
2012-05-06 00:00:00,1.853,9.3,0
2012-05-07 00:00:00,1.671,9.3,0
2012-05-08 00:00:00,1.513,9.6,0
2012-05-09 00:00:00,1.419,10.1,0
2012-05-10 00:00:00,1.337,11.5,0
2012-05-11 00:00:00,1.275,12.6,0
2012-05-12 00:00:00,1.238,11.3,0
2012-05-13 00:00:00,1.233,10.9,0
2012-05-14 00:00:00,1.242,11.3,0
2012-05-15 00:00:00,1.237,12,0
2012-05-16 00:00:00,1.227,11.4,0
2012-05-17 00:00:00,1.215,11.8,0
2012-05-18 00:00:00,1.203,11.8,0
2012-05-19 00:00:00,1.192,12.3,0
2012-05-20 00:00:00,1.187,13.4,0
2012-05-21 00:00:00,1.172,13.6,0
2012-05-22 00:00:00,1.152,13.9,0
2012-05-23 00:00:00,1.133,14.1,0
2012-05-24 00:00:00,1.113,14.8,0
2012-05-25 00:00:00,1.086,15.7,0
2012-05-26 00:00:00,1.055,15.1,0
2012-05-27 00:00:00,1.023,15.4,0
2012-05-28 00:00:00,0.99,14.1,0
2012-05-29 00:00:00,0.955,12.2,0
2012-05-30 00:00:00,0.926,11,0
2012-05-31 00:00:00,0.892,11.2,0
2012-06-01 00:00:00,0.858,9.8,0
2012-06-02 00:00:00,0.822,8.8,0
2012-06-03 00:00:00,0.956,9.2,0
2012-06-04 00:00:00,1.269,9.9,0
2012-06-05 00:00:00,1.376,10.7,0
2012-06-06 00:00:00,1.438,11.2,0
2012-06-07 00:00:00,1.483,11.7,0
2012-06-08 00:00:00,1.479,12.6,0
2012-06-09 00:00:00,1.431,12.3,0
2012-06-10 00:00:00,1.432,13,0
2012-06-11 00:00:00,1.418,13.4,0
2012-06-12 00:00:00,1.366,13.7,0
2012-06-13 00:00:00,1.306,14.1,0
2012-06-14 00:00:00,1.248,14.7,0
2012-06-15 00:00:00,1.193,14.8,0
2012-06-16 00:00:00,1.143,13.9,0
2012-06-17 00:00:00,1.1,14,0
2012-06-18 00:00:00,1.077,14.7,0
2012-06-19 00:00:00,1.093,14.9,0
2012-06-20 00:00:00,1.14,14.8,0
2012-06-21 00:00:00,1.18,15,0
2012-06-22 00:00:00,1.165,15,0
2012-06-23 00:00:00,1.129,14.7,0
2012-06-24 00:00:00,1.088,15.1,0
2012-06-25 00:00:00,1.046,14.3,0
2012-06-26 00:00:00,1.056,14,0
2012-06-27 00:00:00,1.184,14,0
2012-06-28 00:00:00,1.236,14.1,0
2012-06-29 00:00:00,1.226,15,0
2012-06-30 00:00:00,1.188,16,0
2012-07-01 00:00:00,1.136,16.9,0
2012-07-02 00:00:00,1.079,16.8,0
2012-07-03 00:00:00,1.021,17.1,0
2012-07-04 00:00:00,0.968,17.1,0
2012-07-05 00:00:00,0.914,17,0
2012-07-06 00:00:00,0.857,17.4,0
2012-07-07 00:00:00,0.804,18.4,0
2012-07-08 00:00:00,0.757,18.3,0
2012-07-09 00:00:00,0.716,18.5,0
2012-07-10 00:00:00,0.688,17.1,0
2012-07-11 00:00:00,0.678,16.9,0
2012-07-12 00:00:00,0.675,17,0
2012-07-13 00:00:00,0.676,16.5,0
2012-07-14 00:00:00,0.661,16.5,0
2012-07-15 00:00:00,0.645,16.4,0
2012-07-16 00:00:00,0.632,16.2,0
2012-07-17 00:00:00,0.677,15.5,0
2012-07-18 00:00:00,0.731,15.4,0
2012-07-19 00:00:00,0.763,15.5,0
2012-07-20 00:00:00,0.761,15.2,0
2012-07-21 00:00:00,0.756,14.9,0
2012-07-22 00:00:00,0.819,15.3,0
2012-07-23 00:00:00,0.924,15.7,0
2012-07-24 00:00:00,0.908,17.2,0
2012-07-25 00:00:00,0.867,18.5,0
2012-07-26 00:00:00,0.824,17.9,0
2012-07-27 00:00:00,0.768,17.4,0
2012-07-28 00:00:00,0.714,18.2,0
2012-07-29 00:00:00,0.666,18.8,0
2012-07-30 00:00:00,0.626,18.4,0
2012-07-31 00:00:00,0.59,17.2,0
2012-08-01 00:00:00,0.558,16.5,0
2012-08-02 00:00:00,0.533,17,0
2012-08-03 00:00:00,0.533,18,0
2012-08-04 00:00:00,0.51,18,0
2012-08-05 00:00:00,0.484,17.9,0
2012-08-06 00:00:00,0.459,17.4,0
2012-08-07 00:00:00,0.558,17,0
2012-08-08 00:00:00,0.573,16.3,0
2012-08-09 00:00:00,0.651,15.6,0
2012-08-10 00:00:00,0.695,15.2,0
2012-08-11 00:00:00,0.689,15.2,0
2012-08-12 00:00:00,0.657,15.8,0
2012-08-13 00:00:00,0.619,16.2,0
2012-08-14 00:00:00,0.583,16.2,0
2012-08-15 00:00:00,0.548,16.8,0
2012-08-16 00:00:00,0.515,17.1,0
2012-08-17 00:00:00,0.483,17.2,0
2012-08-18 00:00:00,0.456,17.1,0
2012-08-19 00:00:00,0.435,17.7,0
2012-08-20 00:00:00,0.415,16.9,0
2012-08-21 00:00:00,0.395,16.1,0
2012-08-22 00:00:00,0.377,15.9,0
2012-08-23 00:00:00,0.389,15.3,0
2012-08-24 00:00:00,0.386,15.1,0
2012-08-25 00:00:00,0.395,15.2,0
2012-08-26 00:00:00,0.443,14.9,0
2012-08-27 00:00:00,0.472,13.7,0
2012-08-28 00:00:00,0.548,12.9,0
2012-08-29 00:00:00,0.628,14.1,0
2012-08-30 00:00:00,0.63,15,0
2012-08-31 00:00:00,0.597,14.8,0
2012-09-01 00:00:00,0.96,14.9,0
2012-09-02 00:00:00,2.581,14.9,0
2012-09-03 00:00:00,3.493,15.4,0
2012-09-04 00:00:00,3.543,15.4,0
2012-09-05 00:00:00,3.231,15.4,0
2012-09-06 00:00:00,2.906,14.5,0
2012-09-07 00:00:00,2.617,13.9,0
2012-09-08 00:00:00,2.362,13.4,0
2012-09-09 00:00:00,2.136,12.8,0
2012-09-10 00:00:00,1.933,13.9,0
2012-09-11 00:00:00,1.75,14.8,0
2012-09-12 00:00:00,1.578,14.1,0
2012-09-13 00:00:00,1.411,13.2,0
2012-09-14 00:00:00,1.265,12.7,0
2012-09-15 00:00:00,1.147,12.6,0
2012-09-16 00:00:00,1.045,13,0
2012-09-17 00:00:00,0.955,13.5,0
2012-09-18 00:00:00,0.879,12.8,0
2012-09-19 00:00:00,0.819,12.2,0
2012-09-20 00:00:00,0.77,11.3,0
2012-09-21 00:00:00,0.727,10.4,0
2012-09-22 00:00:00,0.715,10.6,0
2012-09-23 00:00:00,0.745,10.8,0
2012-09-24 00:00:00,0.894,10.5,0
2012-09-25 00:00:00,1.019,10.2,0
2012-09-26 00:00:00,1.075,10.8,0
2012-09-27 00:00:00,1.093,11.6,0
2012-09-28 00:00:00,1.506,11.4,0
2012-09-29 00:00:00,1.685,11.2,0
2012-09-30 00:00:00,1.757,10.9,0
2012-10-01 00:00:00,1.772,11.4,0
2012-10-02 00:00:00,1.754,11.6,0
2012-10-03 00:00:00,1.714,11.6,0
2012-10-04 00:00:00,1.642,11.2,0
2012-10-05 00:00:00,1.567,10.4,0
2012-10-06 00:00:00,1.574,9.8,0
2012-10-07 00:00:00,1.542,9.7,0
2012-10-08 00:00:00,1.477,9.3,0
2012-10-09 00:00:00,1.397,8.5,0
2012-10-10 00:00:00,1.314,7.8,0
2012-10-11 00:00:00,1.276,7.5,0
2012-10-12 00:00:00,1.249,6.7,0
2012-10-13 00:00:00,1.201,6.4,0
2012-10-14 00:00:00,1.144,6.6,0
2012-10-15 00:00:00,1.089,7.5,0
2012-10-16 00:00:00,1.2,8.2,0
2012-10-17 00:00:00,2.029,8.6,0
2012-10-18 00:00:00,2.235,8.9,0
2012-10-19 00:00:00,2.255,9.5,0
2012-10-20 00:00:00,2.346,9.2,0
2012-10-21 00:00:00,2.358,9,0
2012-10-22 00:00:00,2.836,8.1,0
2012-10-23 00:00:00,2.888,7.4,0
2012-10-24 00:00:00,2.805,7.1,0
2012-10-25 00:00:00,2.676,5.9,0
2012-10-26 00:00:00,2.534,4.9,0
2012-10-27 00:00:00,2.385,4.2,0
2012-10-28 00:00:00,2.237,2.9,0
2012-10-29 00:00:00,2.093,3.2,0
2012-10-30 00:00:00,1.966,4.4,0
2012-10-31 00:00:00,2.05,4.6,0
2012-11-01 00:00:00,2.478,5.2,0
2012-11-02 00:00:00,2.558,5.7,0
2012-11-03 00:00:00,2.622,5.5,0
2012-11-04 00:00:00,2.572,5,0
2012-11-05 00:00:00,2.475,4.8,0
2012-11-06 00:00:00,2.354,4.1,0
2012-11-07 00:00:00,2.24,4,0
2012-11-08 00:00:00,2.129,3.3,0
2012-11-09 00:00:00,2.012,2.4,0
2012-11-10 00:00:00,1.892,3.6,0
2012-11-11 00:00:00,1.777,4.7,0
2012-11-12 00:00:00,1.746,4.7,0
2012-11-13 00:00:00,1.714,3.9,0
2012-11-14 00:00:00,1.65,5.1,0
2012-11-15 00:00:00,1.576,5.2,0
2012-11-16 00:00:00,1.642,5.2,0
2012-11-17 00:00:00,1.644,5.4,0
2012-11-18 00:00:00,1.603,5.3,0
2012-11-19 00:00:00,1.531,4.9,0
2012-11-20 00:00:00,1.445,5.2,0
2012-11-21 00:00:00,1.355,5.5,0
2012-11-22 00:00:00,1.264,5.6,0
2012-11-23 00:00:00,1.174,5.6,0
2012-11-24 00:00:00,1.086,5.2,0
2012-11-25 00:00:00,1.008,3.8,0
2012-11-26 00:00:00,0.937,3.6,0
2012-11-27 00:00:00,0.871,3.7,0
2012-11-28 00:00:00,0.864,3.7,0
2012-11-29 00:00:00,1.341,3.3,0
2012-11-30 00:00:00,1.876,2.3,0
2012-12-01 00:00:00,2.193,1.1,0
2012-12-02 00:00:00,2.285,0,0
2012-12-03 00:00:00,2.265,0,0
2012-12-04 00:00:00,2.199,0.3,0
2012-12-05 00:00:00,2.12,0.6,0
2012-12-06 00:00:00,2.048,0.7,0
2012-12-07 00:00:00,1.987,0.3,0
2012-12-08 00:00:00,1.919,0,0
2012-12-09 00:00:00,1.843,0,0
2012-12-10 00:00:00,1.77,0.2,0
2012-12-11 00:00:00,1.698,0.3,0
2012-12-12 00:00:00,1.639,0.2,0
2012-12-13 00:00:00,1.586,0,0
2012-12-14 00:00:00,1.536,0,0
2012-12-15 00:00:00,1.493,0.3,0
2012-12-16 00:00:00,1.461,0.6,0
2012-12-17 00:00:00,1.479,0.8,0
2012-12-18 00:00:00,1.538,0.8,0
2012-12-19 00:00:00,1.594,0.7,0
2012-12-20 00:00:00,1.626,0.4,0
2012-12-21 00:00:00,1.633,0.1,0
2012-12-22 00:00:00,1.623,0,0
2012-12-23 00:00:00,1.601,0,0
2012-12-24 00:00:00,1.574,0,0
2012-12-25 00:00:00,1.546,0.1,0
2012-12-26 00:00:00,1.518,0.3,0
2012-12-27 00:00:00,1.495,0.6,0
2012-12-28 00:00:00,1.504,0.1,0
2012-12-29 00:00:00,1.538,0.4,0
2012-12-30 00:00:00,1.534,1,0
2012-12-31 00:00:00,1.53,1.7,0
2013-01-01 00:00:00,1.72,2.8,0
