Time,FLOW
2010-01-01 00:00:00,0.709
2010-01-02 00:00:00,0.691
2010-01-03 00:00:00,0.677
2010-01-04 00:00:00,0.662
2010-01-05 00:00:00,0.647
2010-01-06 00:00:00,0.633
2010-01-07 00:00:00,0.619
2010-01-08 00:00:00,0.607
2010-01-09 00:00:00,0.594
2010-01-10 00:00:00,0.583
2010-01-11 00:00:00,0.571
2010-01-12 00:00:00,0.558
2010-01-13 00:00:00,0.544
2010-01-14 00:00:00,0.53
2010-01-15 00:00:00,0.517
2010-01-16 00:00:00,0.503
2010-01-17 00:00:00,0.492
2010-01-18 00:00:00,0.479
2010-01-19 00:00:00,0.47
2010-01-20 00:00:00,0.459
2010-01-21 00:00:00,0.449
2010-01-22 00:00:00,0.441
2010-01-23 00:00:00,0.431
2010-01-24 00:00:00,0.422
2010-01-25 00:00:00,0.411
2010-01-26 00:00:00,0.399
2010-01-27 00:00:00,0.386
2010-01-28 00:00:00,0.381
2010-01-29 00:00:00,0.373
2010-01-30 00:00:00,0.364
2010-01-31 00:00:00,0.355
2010-02-01 00:00:00,0.35
2010-02-02 00:00:00,0.348
2010-02-03 00:00:00,0.348
2010-02-04 00:00:00,0.35
2010-02-05 00:00:00,0.354
2010-02-06 00:00:00,0.362
2010-02-07 00:00:00,0.372
2010-02-08 00:00:00,0.381
2010-02-09 00:00:00,0.387
2010-02-10 00:00:00,0.391
2010-02-11 00:00:00,0.391
2010-02-12 00:00:00,0.39
2010-02-13 00:00:00,0.387
2010-02-14 00:00:00,0.381
2010-02-15 00:00:00,0.375
2010-02-16 00:00:00,0.382
2010-02-17 00:00:00,0.502
2010-02-18 00:00:00,0.608
2010-02-19 00:00:00,0.673
2010-02-20 00:00:00,0.639
2010-02-21 00:00:00,0.614
2010-02-22 00:00:00,0.587
2010-02-23 00:00:00,0.558
2010-02-24 00:00:00,0.532
2010-02-25 00:00:00,0.507
2010-02-26 00:00:00,0.484
2010-02-27 00:00:00,0.461
2010-02-28 00:00:00,0.443
2010-03-01 00:00:00,0.434
2010-03-02 00:00:00,0.436
2010-03-03 00:00:00,0.488
2010-03-04 00:00:00,0.542
2010-03-05 00:00:00,0.569
2010-03-06 00:00:00,0.562
2010-03-07 00:00:00,0.547
2010-03-08 00:00:00,0.529
2010-03-09 00:00:00,0.51
2010-03-10 00:00:00,0.499
2010-03-11 00:00:00,0.506
2010-03-12 00:00:00,0.526
2010-03-13 00:00:00,0.544
2010-03-14 00:00:00,0.556
2010-03-15 00:00:00,0.56
2010-03-16 00:00:00,0.558
2010-03-17 00:00:00,0.553
2010-03-18 00:00:00,0.547
2010-03-19 00:00:00,0.538
2010-03-20 00:00:00,0.565
2010-03-21 00:00:00,0.847
2010-03-22 00:00:00,1.525
2010-03-23 00:00:00,1.902
2010-03-24 00:00:00,1.935
2010-03-25 00:00:00,1.945
2010-03-26 00:00:00,1.883
2010-03-27 00:00:00,1.822
2010-03-28 00:00:00,2.077
2010-03-29 00:00:00,2.518
2010-03-30 00:00:00,2.689
2010-03-31 00:00:00,2.995
2010-04-01 00:00:00,3.247
2010-04-02 00:00:00,3.319
2010-04-03 00:00:00,3.848
2010-04-04 00:00:00,4.225
2010-04-05 00:00:00,4.616
2010-04-06 00:00:00,4.638
2010-04-07 00:00:00,4.656
2010-04-08 00:00:00,5.02
2010-04-09 00:00:00,5.912
2010-04-10 00:00:00,7.231
2010-04-11 00:00:00,7.901
2010-04-12 00:00:00,7.949
2010-04-13 00:00:00,7.745
2010-04-14 00:00:00,7.811
2010-04-15 00:00:00,8.008
2010-04-16 00:00:00,8.354
2010-04-17 00:00:00,8.904
2010-04-18 00:00:00,9.174
2010-04-19 00:00:00,9.199
2010-04-20 00:00:00,8.573
2010-04-21 00:00:00,7.654
2010-04-22 00:00:00,6.738
2010-04-23 00:00:00,6.167
2010-04-24 00:00:00,5.817
2010-04-25 00:00:00,5.447
2010-04-26 00:00:00,4.977
2010-04-27 00:00:00,4.512
2010-04-28 00:00:00,4.072
2010-04-29 00:00:00,3.669
2010-04-30 00:00:00,3.298
2010-05-01 00:00:00,2.96
2010-05-02 00:00:00,2.653
2010-05-03 00:00:00,2.367
2010-05-04 00:00:00,2.112
2010-05-05 00:00:00,1.886
2010-05-06 00:00:00,1.703
2010-05-07 00:00:00,1.621
2010-05-08 00:00:00,1.555
2010-05-09 00:00:00,1.51
2010-05-10 00:00:00,1.481
2010-05-11 00:00:00,1.464
2010-05-12 00:00:00,1.452
2010-05-13 00:00:00,1.447
2010-05-14 00:00:00,1.448
2010-05-15 00:00:00,1.45
2010-05-16 00:00:00,1.452
2010-05-17 00:00:00,1.456
2010-05-18 00:00:00,1.455
2010-05-19 00:00:00,1.454
2010-05-20 00:00:00,1.45
2010-05-21 00:00:00,1.445
2010-05-22 00:00:00,1.436
2010-05-23 00:00:00,1.427
2010-05-24 00:00:00,1.459
2010-05-25 00:00:00,1.477
2010-05-26 00:00:00,1.488
2010-05-27 00:00:00,1.484
2010-05-28 00:00:00,1.475
2010-05-29 00:00:00,1.461
2010-05-30 00:00:00,1.446
2010-05-31 00:00:00,1.431
2010-06-01 00:00:00,1.415
2010-06-02 00:00:00,1.393
2010-06-03 00:00:00,1.367
2010-06-04 00:00:00,1.328
2010-06-05 00:00:00,1.283
2010-06-06 00:00:00,1.244
2010-06-07 00:00:00,1.206
2010-06-08 00:00:00,1.165
2010-06-09 00:00:00,1.126
2010-06-10 00:00:00,1.086
2010-06-11 00:00:00,1.046
2010-06-12 00:00:00,1.025
2010-06-13 00:00:00,1.007
2010-06-14 00:00:00,0.994
2010-06-15 00:00:00,0.962
2010-06-16 00:00:00,0.915
2010-06-17 00:00:00,0.869
2010-06-18 00:00:00,0.829
2010-06-19 00:00:00,0.801
2010-06-20 00:00:00,0.775
2010-06-21 00:00:00,0.756
2010-06-22 00:00:00,0.736
2010-06-23 00:00:00,0.714
2010-06-24 00:00:00,0.687
2010-06-25 00:00:00,0.658
2010-06-26 00:00:00,0.628
2010-06-27 00:00:00,0.598
2010-06-28 00:00:00,0.572
2010-06-29 00:00:00,0.545
2010-06-30 00:00:00,0.515
2010-07-01 00:00:00,0.487
2010-07-02 00:00:00,0.46
2010-07-03 00:00:00,0.436
2010-07-04 00:00:00,0.411
2010-07-05 00:00:00,0.389
2010-07-06 00:00:00,0.368
2010-07-07 00:00:00,0.348
2010-07-08 00:00:00,0.33
2010-07-09 00:00:00,0.313
2010-07-10 00:00:00,0.296
2010-07-11 00:00:00,0.28
2010-07-12 00:00:00,0.266
2010-07-13 00:00:00,0.251
2010-07-14 00:00:00,0.24
2010-07-15 00:00:00,0.228
2010-07-16 00:00:00,0.223
2010-07-17 00:00:00,0.212
2010-07-18 00:00:00,0.204
2010-07-19 00:00:00,0.194
2010-07-20 00:00:00,0.185
2010-07-21 00:00:00,0.174
2010-07-22 00:00:00,0.167
2010-07-23 00:00:00,0.16
2010-07-24 00:00:00,0.152
2010-07-25 00:00:00,0.285
2010-07-26 00:00:00,0.287
2010-07-27 00:00:00,0.365
2010-07-28 00:00:00,0.379
2010-07-29 00:00:00,0.373
2010-07-30 00:00:00,0.377
2010-07-31 00:00:00,0.413
2010-08-01 00:00:00,0.439
2010-08-02 00:00:00,0.435
2010-08-03 00:00:00,0.445
2010-08-04 00:00:00,0.476
2010-08-05 00:00:00,0.542
2010-08-06 00:00:00,0.684
2010-08-07 00:00:00,0.714
2010-08-08 00:00:00,0.729
2010-08-09 00:00:00,0.772
2010-08-10 00:00:00,0.763
2010-08-11 00:00:00,0.809
2010-08-12 00:00:00,0.759
2010-08-13 00:00:00,0.698
2010-08-14 00:00:00,0.643
2010-08-15 00:00:00,0.598
2010-08-16 00:00:00,0.558
2010-08-17 00:00:00,0.524
2010-08-18 00:00:00,0.497
2010-08-19 00:00:00,0.555
2010-08-20 00:00:00,0.546
2010-08-21 00:00:00,0.569
2010-08-22 00:00:00,0.542
2010-08-23 00:00:00,0.517
2010-08-24 00:00:00,0.495
2010-08-25 00:00:00,0.476
2010-08-26 00:00:00,0.46
2010-08-27 00:00:00,0.449
2010-08-28 00:00:00,0.434
2010-08-29 00:00:00,0.418
2010-08-30 00:00:00,0.404
2010-08-31 00:00:00,0.388
2010-09-01 00:00:00,0.373
2010-09-02 00:00:00,0.359
2010-09-03 00:00:00,0.348
2010-09-04 00:00:00,0.338
2010-09-05 00:00:00,0.328
2010-09-06 00:00:00,0.341
2010-09-07 00:00:00,0.328
2010-09-08 00:00:00,0.316
2010-09-09 00:00:00,0.303
2010-09-10 00:00:00,0.292
2010-09-11 00:00:00,0.282
2010-09-12 00:00:00,0.273
2010-09-13 00:00:00,0.262
2010-09-14 00:00:00,0.256
2010-09-15 00:00:00,0.251
2010-09-16 00:00:00,0.257
2010-09-17 00:00:00,0.343
2010-09-18 00:00:00,0.531
2010-09-19 00:00:00,0.632
2010-09-20 00:00:00,0.677
2010-09-21 00:00:00,0.678
2010-09-22 00:00:00,0.707
2010-09-23 00:00:00,0.851
2010-09-24 00:00:00,0.922
2010-09-25 00:00:00,0.876
2010-09-26 00:00:00,0.815
2010-09-27 00:00:00,0.756
2010-09-28 00:00:00,0.702
2010-09-29 00:00:00,0.655
2010-09-30 00:00:00,0.611
2010-10-01 00:00:00,0.572
2010-10-02 00:00:00,0.537
2010-10-03 00:00:00,0.504
2010-10-04 00:00:00,0.474
2010-10-05 00:00:00,0.447
2010-10-06 00:00:00,0.42
2010-10-07 00:00:00,0.398
2010-10-08 00:00:00,0.382
2010-10-09 00:00:00,0.364
2010-10-10 00:00:00,0.348
2010-10-11 00:00:00,0.332
2010-10-12 00:00:00,0.318
2010-10-13 00:00:00,0.305
2010-10-14 00:00:00,0.293
2010-10-15 00:00:00,0.28
2010-10-16 00:00:00,0.269
2010-10-17 00:00:00,0.259
2010-10-18 00:00:00,0.249
2010-10-19 00:00:00,0.24
2010-10-20 00:00:00,0.234
2010-10-21 00:00:00,0.228
2010-10-22 00:00:00,0.223
2010-10-23 00:00:00,0.219
2010-10-24 00:00:00,0.22
2010-10-25 00:00:00,0.278
2010-10-26 00:00:00,0.404
2010-10-27 00:00:00,0.584
2010-10-28 00:00:00,0.67
2010-10-29 00:00:00,0.712
2010-10-30 00:00:00,0.714
2010-10-31 00:00:00,0.688
2010-11-01 00:00:00,0.65
2010-11-02 00:00:00,0.612
2010-11-03 00:00:00,0.578
2010-11-04 00:00:00,0.582
2010-11-05 00:00:00,0.61
2010-11-06 00:00:00,0.682
2010-11-07 00:00:00,0.707
2010-11-08 00:00:00,0.695
2010-11-09 00:00:00,0.659
2010-11-10 00:00:00,0.63
2010-11-11 00:00:00,0.813
2010-11-12 00:00:00,1.053
2010-11-13 00:00:00,1.125
2010-11-14 00:00:00,1.346
2010-11-15 00:00:00,1.495
2010-11-16 00:00:00,1.512
2010-11-17 00:00:00,1.962
2010-11-18 00:00:00,2.097
2010-11-19 00:00:00,1.987
2010-11-20 00:00:00,1.863
2010-11-21 00:00:00,1.764
2010-11-22 00:00:00,1.692
2010-11-23 00:00:00,1.659
2010-11-24 00:00:00,1.619
2010-11-25 00:00:00,1.588
2010-11-26 00:00:00,1.534
2010-11-27 00:00:00,1.468
2010-11-28 00:00:00,1.396
2010-11-29 00:00:00,1.321
2010-11-30 00:00:00,1.245
2010-12-01 00:00:00,1.172
2010-12-02 00:00:00,1.102
2010-12-03 00:00:00,1.037
2010-12-04 00:00:00,0.977
2010-12-05 00:00:00,0.92
2010-12-06 00:00:00,0.867
2010-12-07 00:00:00,0.818
2010-12-08 00:00:00,0.775
2010-12-09 00:00:00,0.733
2010-12-10 00:00:00,0.707
2010-12-11 00:00:00,0.701
2010-12-12 00:00:00,0.696
2010-12-13 00:00:00,0.693
2010-12-14 00:00:00,0.693
2010-12-15 00:00:00,0.693
2010-12-16 00:00:00,0.693
2010-12-17 00:00:00,0.698
2010-12-18 00:00:00,0.702
2010-12-19 00:00:00,0.707
2010-12-20 00:00:00,0.718
2010-12-21 00:00:00,0.731
2010-12-22 00:00:00,0.748
2010-12-23 00:00:00,0.763
2010-12-24 00:00:00,0.777
2010-12-25 00:00:00,0.79
2010-12-26 00:00:00,0.806
2010-12-27 00:00:00,0.82
2010-12-28 00:00:00,0.829
2010-12-29 00:00:00,0.837
2010-12-30 00:00:00,0.844
2010-12-31 00:00:00,0.849
2011-01-01 00:00:00,0.861
2011-01-02 00:00:00,0.87
2011-01-03 00:00:00,0.882
2011-01-04 00:00:00,0.894
2011-01-05 00:00:00,0.908
2011-01-06 00:00:00,0.919
2011-01-07 00:00:00,0.93
2011-01-08 00:00:00,0.944
2011-01-09 00:00:00,0.962
2011-01-10 00:00:00,0.976
2011-01-11 00:00:00,1.048
2011-01-12 00:00:00,1.108
2011-01-13 00:00:00,1.145
2011-01-14 00:00:00,1.197
2011-01-15 00:00:00,1.228
2011-01-16 00:00:00,1.233
2011-01-17 00:00:00,1.228
2011-01-18 00:00:00,1.297
2011-01-19 00:00:00,1.639
2011-01-20 00:00:00,1.86
2011-01-21 00:00:00,1.912
2011-01-22 00:00:00,1.87
2011-01-23 00:00:00,1.798
2011-01-24 00:00:00,1.718
2011-01-25 00:00:00,1.637
2011-01-26 00:00:00,1.567
2011-01-27 00:00:00,1.501
2011-01-28 00:00:00,1.441
2011-01-29 00:00:00,1.384
2011-01-30 00:00:00,1.328
2011-01-31 00:00:00,1.279
2011-02-01 00:00:00,1.235
2011-02-02 00:00:00,1.193
2011-02-03 00:00:00,1.202
2011-02-04 00:00:00,1.27
2011-02-05 00:00:00,1.43
2011-02-06 00:00:00,1.536
2011-02-07 00:00:00,1.553
2011-02-08 00:00:00,1.524
2011-02-09 00:00:00,1.515
2011-02-10 00:00:00,1.488
2011-02-11 00:00:00,1.452
2011-02-12 00:00:00,1.402
2011-02-13 00:00:00,1.355
2011-02-14 00:00:00,1.307
2011-02-15 00:00:00,1.258
2011-02-16 00:00:00,1.211
2011-02-17 00:00:00,1.163
2011-02-18 00:00:00,1.118
2011-02-19 00:00:00,1.074
2011-02-20 00:00:00,1.032
2011-02-21 00:00:00,0.994
2011-02-22 00:00:00,0.957
2011-02-23 00:00:00,0.922
2011-02-24 00:00:00,0.888
2011-02-25 00:00:00,0.858
2011-02-26 00:00:00,0.833
2011-02-27 00:00:00,0.802
2011-02-28 00:00:00,0.774
2011-03-01 00:00:00,0.747
2011-03-02 00:00:00,0.724
2011-03-03 00:00:00,0.7
2011-03-04 00:00:00,0.677
2011-03-05 00:00:00,0.655
2011-03-06 00:00:00,0.632
2011-03-07 00:00:00,0.614
2011-03-08 00:00:00,0.594
2011-03-09 00:00:00,0.573
2011-03-10 00:00:00,0.623
2011-03-11 00:00:00,0.673
2011-03-12 00:00:00,0.944
2011-03-13 00:00:00,1.044
2011-03-14 00:00:00,1.205
2011-03-15 00:00:00,1.256
2011-03-16 00:00:00,1.308
2011-03-17 00:00:00,1.292
2011-03-18 00:00:00,1.246
2011-03-19 00:00:00,1.194
2011-03-20 00:00:00,1.17
2011-03-21 00:00:00,1.134
2011-03-22 00:00:00,1.1
2011-03-23 00:00:00,1.459
2011-03-24 00:00:00,2.527
2011-03-25 00:00:00,3.539
2011-03-26 00:00:00,4.024
2011-03-27 00:00:00,3.922
2011-03-28 00:00:00,3.667
2011-03-29 00:00:00,3.4
2011-03-30 00:00:00,3.139
2011-03-31 00:00:00,2.91
2011-04-01 00:00:00,2.707
2011-04-02 00:00:00,2.576
2011-04-03 00:00:00,2.539
2011-04-04 00:00:00,3.005
2011-04-05 00:00:00,4.301
2011-04-06 00:00:00,5.275
2011-04-07 00:00:00,6.513
2011-04-08 00:00:00,8.151
2011-04-09 00:00:00,9.462
2011-04-10 00:00:00,10.331
2011-04-11 00:00:00,10.88
2011-04-12 00:00:00,10.979
2011-04-13 00:00:00,10.313
2011-04-14 00:00:00,9.244
2011-04-15 00:00:00,8.063
2011-04-16 00:00:00,6.973
2011-04-17 00:00:00,6.023
2011-04-18 00:00:00,5.203
2011-04-19 00:00:00,4.507
2011-04-20 00:00:00,3.916
2011-04-21 00:00:00,3.417
2011-04-22 00:00:00,2.99
2011-04-23 00:00:00,2.622
2011-04-24 00:00:00,2.303
2011-04-25 00:00:00,2.023
2011-04-26 00:00:00,1.77
2011-04-27 00:00:00,1.551
2011-04-28 00:00:00,1.393
2011-04-29 00:00:00,1.324
2011-04-30 00:00:00,1.278
2011-05-01 00:00:00,1.251
2011-05-02 00:00:00,1.237
2011-05-03 00:00:00,1.233
2011-05-04 00:00:00,1.237
2011-05-05 00:00:00,1.241
2011-05-06 00:00:00,1.246
2011-05-07 00:00:00,1.242
2011-05-08 00:00:00,1.235
2011-05-09 00:00:00,1.224
2011-05-10 00:00:00,1.214
2011-05-11 00:00:00,1.201
2011-05-12 00:00:00,1.187
2011-05-13 00:00:00,1.174
2011-05-14 00:00:00,1.163
2011-05-15 00:00:00,1.151
2011-05-16 00:00:00,1.161
2011-05-17 00:00:00,1.154
2011-05-18 00:00:00,1.145
2011-05-19 00:00:00,1.136
2011-05-20 00:00:00,1.126
2011-05-21 00:00:00,1.113
2011-05-22 00:00:00,1.095
2011-05-23 00:00:00,1.074
2011-05-24 00:00:00,1.047
2011-05-25 00:00:00,1.026
2011-05-26 00:00:00,0.998
2011-05-27 00:00:00,0.971
2011-05-28 00:00:00,0.933
2011-05-29 00:00:00,0.894
2011-05-30 00:00:00,0.858
2011-05-31 00:00:00,0.824
2011-06-01 00:00:00,0.797
2011-06-02 00:00:00,0.759
2011-06-03 00:00:00,0.72
2011-06-04 00:00:00,0.686
2011-06-05 00:00:00,0.653
2011-06-06 00:00:00,0.618
2011-06-07 00:00:00,0.589
2011-06-08 00:00:00,0.555
2011-06-09 00:00:00,0.524
2011-06-10 00:00:00,0.494
2011-06-11 00:00:00,0.466
2011-06-12 00:00:00,0.44
2011-06-13 00:00:00,0.415
2011-06-14 00:00:00,0.395
2011-06-15 00:00:00,0.377
2011-06-16 00:00:00,0.361
2011-06-17 00:00:00,0.359
2011-06-18 00:00:00,0.374
2011-06-19 00:00:00,0.372
2011-06-20 00:00:00,0.402
2011-06-21 00:00:00,0.435
2011-06-22 00:00:00,0.501
2011-06-23 00:00:00,0.513
2011-06-24 00:00:00,0.526
2011-06-25 00:00:00,0.566
2011-06-26 00:00:00,0.584
2011-06-27 00:00:00,0.572
2011-06-28 00:00:00,0.554
2011-06-29 00:00:00,0.533
2011-06-30 00:00:00,0.505
2011-07-01 00:00:00,0.477
2011-07-02 00:00:00,0.452
2011-07-03 00:00:00,0.429
2011-07-04 00:00:00,0.407
2011-07-05 00:00:00,0.42
2011-07-06 00:00:00,0.425
2011-07-07 00:00:00,0.416
2011-07-08 00:00:00,0.399
2011-07-09 00:00:00,0.376
2011-07-10 00:00:00,0.355
2011-07-11 00:00:00,0.334
2011-07-12 00:00:00,0.316
2011-07-13 00:00:00,0.3
2011-07-14 00:00:00,0.284
2011-07-15 00:00:00,0.27
2011-07-16 00:00:00,0.256
2011-07-17 00:00:00,0.243
2011-07-18 00:00:00,0.23
2011-07-19 00:00:00,0.219
2011-07-20 00:00:00,0.208
2011-07-21 00:00:00,0.198
2011-07-22 00:00:00,0.19
2011-07-23 00:00:00,0.183
2011-07-24 00:00:00,0.174
2011-07-25 00:00:00,0.165
2011-07-26 00:00:00,0.158
2011-07-27 00:00:00,0.151
2011-07-28 00:00:00,0.144
2011-07-29 00:00:00,0.137
2011-07-30 00:00:00,0.13
2011-07-31 00:00:00,0.124
2011-08-01 00:00:00,0.117
2011-08-02 00:00:00,0.111
2011-08-03 00:00:00,0.106
2011-08-04 00:00:00,0.1
2011-08-05 00:00:00,0.095
2011-08-06 00:00:00,0.091
2011-08-07 00:00:00,0.086
2011-08-08 00:00:00,0.14
2011-08-09 00:00:00,0.171
2011-08-10 00:00:00,0.23
2011-08-11 00:00:00,0.264
2011-08-12 00:00:00,0.257
2011-08-13 00:00:00,0.246
2011-08-14 00:00:00,0.235
2011-08-15 00:00:00,0.226
2011-08-16 00:00:00,0.217
2011-08-17 00:00:00,0.208
2011-08-18 00:00:00,0.2
2011-08-19 00:00:00,0.194
2011-08-20 00:00:00,0.28
2011-08-21 00:00:00,0.301
2011-08-22 00:00:00,0.347
2011-08-23 00:00:00,0.35
2011-08-24 00:00:00,0.337
2011-08-25 00:00:00,0.318
2011-08-26 00:00:00,0.297
2011-08-27 00:00:00,0.28
2011-08-28 00:00:00,0.264
2011-08-29 00:00:00,0.251
2011-08-30 00:00:00,0.241
2011-08-31 00:00:00,0.233
2011-09-01 00:00:00,0.226
2011-09-02 00:00:00,0.221
2011-09-03 00:00:00,0.215
2011-09-04 00:00:00,0.209
2011-09-05 00:00:00,0.203
2011-09-06 00:00:00,0.2
2011-09-07 00:00:00,0.196
2011-09-08 00:00:00,0.208
2011-09-09 00:00:00,0.213
2011-09-10 00:00:00,0.251
2011-09-11 00:00:00,0.319
2011-09-12 00:00:00,0.378
2011-09-13 00:00:00,0.447
2011-09-14 00:00:00,0.682
2011-09-15 00:00:00,0.858
2011-09-16 00:00:00,0.903
2011-09-17 00:00:00,0.88
2011-09-18 00:00:00,0.824
2011-09-19 00:00:00,0.768
2011-09-20 00:00:00,0.723
2011-09-21 00:00:00,0.686
2011-09-22 00:00:00,0.648
2011-09-23 00:00:00,0.614
2011-09-24 00:00:00,0.58
2011-09-25 00:00:00,0.548
2011-09-26 00:00:00,0.519
2011-09-27 00:00:00,0.492
2011-09-28 00:00:00,0.465
2011-09-29 00:00:00,0.441
2011-09-30 00:00:00,0.418
2011-10-01 00:00:00,0.397
2011-10-02 00:00:00,0.377
2011-10-03 00:00:00,0.402
2011-10-04 00:00:00,0.395
2011-10-05 00:00:00,0.454
2011-10-06 00:00:00,0.515
2011-10-07 00:00:00,0.528
2011-10-08 00:00:00,0.513
2011-10-09 00:00:00,0.49
2011-10-10 00:00:00,0.469
2011-10-11 00:00:00,0.458
2011-10-12 00:00:00,0.441
2011-10-13 00:00:00,0.422
2011-10-14 00:00:00,0.404
2011-10-15 00:00:00,0.384
2011-10-16 00:00:00,0.366
2011-10-17 00:00:00,0.35
2011-10-18 00:00:00,0.334
2011-10-19 00:00:00,0.332
2011-10-20 00:00:00,0.366
2011-10-21 00:00:00,0.395
2011-10-22 00:00:00,0.435
2011-10-23 00:00:00,0.45
2011-10-24 00:00:00,0.44
2011-10-25 00:00:00,0.418
2011-10-26 00:00:00,0.395
2011-10-27 00:00:00,0.375
2011-10-28 00:00:00,0.375
2011-10-29 00:00:00,0.368
2011-10-30 00:00:00,0.386
2011-10-31 00:00:00,0.399
2011-11-01 00:00:00,0.395
2011-11-02 00:00:00,0.382
2011-11-03 00:00:00,0.363
2011-11-04 00:00:00,0.343
2011-11-05 00:00:00,0.325
2011-11-06 00:00:00,0.307
2011-11-07 00:00:00,0.293
2011-11-08 00:00:00,0.279
2011-11-09 00:00:00,0.266
2011-11-10 00:00:00,0.255
2011-11-11 00:00:00,0.244
2011-11-12 00:00:00,0.234
2011-11-13 00:00:00,0.225
2011-11-14 00:00:00,0.216
2011-11-15 00:00:00,0.208
2011-11-16 00:00:00,0.201
2011-11-17 00:00:00,0.192
2011-11-18 00:00:00,0.185
2011-11-19 00:00:00,0.181
2011-11-20 00:00:00,0.176
2011-11-21 00:00:00,0.179
2011-11-22 00:00:00,0.201
2011-11-23 00:00:00,0.239
2011-11-24 00:00:00,0.285
2011-11-25 00:00:00,0.321
2011-11-26 00:00:00,0.345
2011-11-27 00:00:00,0.356
2011-11-28 00:00:00,0.388
2011-11-29 00:00:00,0.531
2011-11-30 00:00:00,0.741
2011-12-01 00:00:00,0.806
2011-12-02 00:00:00,0.804
2011-12-03 00:00:00,0.774
2011-12-04 00:00:00,0.736
2011-12-05 00:00:00,0.714
2011-12-06 00:00:00,0.738
2011-12-07 00:00:00,0.747
2011-12-08 00:00:00,0.73
2011-12-09 00:00:00,0.707
2011-12-10 00:00:00,0.733
2011-12-11 00:00:00,1.217
2011-12-12 00:00:00,1.427
2011-12-13 00:00:00,1.414
2011-12-14 00:00:00,1.425
2011-12-15 00:00:00,1.607
2011-12-16 00:00:00,1.546
2011-12-17 00:00:00,1.436
2011-12-18 00:00:00,1.432
2011-12-19 00:00:00,2.091
2011-12-20 00:00:00,2.664
2011-12-21 00:00:00,2.928
2011-12-22 00:00:00,2.837
2011-12-23 00:00:00,2.66
2011-12-24 00:00:00,2.478
2011-12-25 00:00:00,2.635
2011-12-26 00:00:00,2.671
2011-12-27 00:00:00,2.721
2011-12-28 00:00:00,2.633
2011-12-29 00:00:00,2.505
2011-12-30 00:00:00,2.373
2011-12-31 00:00:00,2.328
2012-01-01 00:00:00,2.262
2012-01-02 00:00:00,2.174
2012-01-03 00:00:00,2.086
2012-01-04 00:00:00,2.326
2012-01-05 00:00:00,2.804
2012-01-06 00:00:00,3.223
2012-01-07 00:00:00,3.239
2012-01-08 00:00:00,3.118
2012-01-09 00:00:00,2.954
2012-01-10 00:00:00,2.78
2012-01-11 00:00:00,2.608
2012-01-12 00:00:00,2.439
2012-01-13 00:00:00,2.383
2012-01-14 00:00:00,2.507
2012-01-15 00:00:00,2.524
2012-01-16 00:00:00,2.466
2012-01-17 00:00:00,2.367
2012-01-18 00:00:00,2.274
2012-01-19 00:00:00,2.17
2012-01-20 00:00:00,2.073
2012-01-21 00:00:00,1.964
2012-01-22 00:00:00,1.851
2012-01-23 00:00:00,1.739
2012-01-24 00:00:00,1.651
2012-01-25 00:00:00,1.56
2012-01-26 00:00:00,1.468
2012-01-27 00:00:00,1.377
2012-01-28 00:00:00,1.291
2012-01-29 00:00:00,1.21
2012-01-30 00:00:00,1.132
2012-01-31 00:00:00,1.059
2012-02-01 00:00:00,0.993
2012-02-02 00:00:00,0.931
2012-02-03 00:00:00,0.876
2012-02-04 00:00:00,0.828
2012-02-05 00:00:00,0.781
2012-02-06 00:00:00,0.736
2012-02-07 00:00:00,0.694
2012-02-08 00:00:00,0.655
2012-02-09 00:00:00,0.619
2012-02-10 00:00:00,0.587
2012-02-11 00:00:00,0.557
2012-02-12 00:00:00,0.531
2012-02-13 00:00:00,0.508
2012-02-14 00:00:00,0.487
2012-02-15 00:00:00,0.472
2012-02-16 00:00:00,0.464
2012-02-17 00:00:00,0.456
2012-02-18 00:00:00,0.447
2012-02-19 00:00:00,0.454
2012-02-20 00:00:00,0.461
2012-02-21 00:00:00,0.605
2012-02-22 00:00:00,0.679
2012-02-23 00:00:00,0.822
2012-02-24 00:00:00,1.418
2012-02-25 00:00:00,1.893
2012-02-26 00:00:00,2.161
2012-02-27 00:00:00,2.193
2012-02-28 00:00:00,2.13
2012-02-29 00:00:00,2.034
2012-03-01 00:00:00,2.129
2012-03-02 00:00:00,2.495
2012-03-03 00:00:00,2.845
2012-03-04 00:00:00,3.281
2012-03-05 00:00:00,3.29
2012-03-06 00:00:00,3.145
2012-03-07 00:00:00,2.954
2012-03-08 00:00:00,2.761
2012-03-09 00:00:00,2.575
2012-03-10 00:00:00,2.402
2012-03-11 00:00:00,2.371
2012-03-12 00:00:00,2.734
2012-03-13 00:00:00,3.139
2012-03-14 00:00:00,3.769
2012-03-15 00:00:00,3.847
2012-03-16 00:00:00,3.701
2012-03-17 00:00:00,3.498
2012-03-18 00:00:00,3.27
2012-03-19 00:00:00,3.04
2012-03-20 00:00:00,2.814
2012-03-21 00:00:00,2.599
2012-03-22 00:00:00,2.405
2012-03-23 00:00:00,2.216
2012-03-24 00:00:00,2.032
2012-03-25 00:00:00,1.858
2012-03-26 00:00:00,1.693
2012-03-27 00:00:00,1.542
2012-03-28 00:00:00,1.4
2012-03-29 00:00:00,1.272
2012-03-30 00:00:00,1.186
2012-03-31 00:00:00,1.114
2012-04-01 00:00:00,1.179
2012-04-02 00:00:00,1.244
2012-04-03 00:00:00,1.328
2012-04-04 00:00:00,1.395
2012-04-05 00:00:00,1.416
2012-04-06 00:00:00,1.447
2012-04-07 00:00:00,1.76
2012-04-08 00:00:00,1.906
2012-04-09 00:00:00,1.942
2012-04-10 00:00:00,1.921
2012-04-11 00:00:00,1.885
2012-04-12 00:00:00,1.965
2012-04-13 00:00:00,1.978
2012-04-14 00:00:00,2.111
2012-04-15 00:00:00,3.521
2012-04-16 00:00:00,4.531
2012-04-17 00:00:00,4.9
2012-04-18 00:00:00,4.726
2012-04-19 00:00:00,4.431
2012-04-20 00:00:00,4.092
2012-04-21 00:00:00,3.805
2012-04-22 00:00:00,4.171
2012-04-23 00:00:00,4.263
2012-04-24 00:00:00,4.373
2012-04-25 00:00:00,4.148
2012-04-26 00:00:00,3.852
2012-04-27 00:00:00,3.802
2012-04-28 00:00:00,3.703
2012-04-29 00:00:00,3.492
2012-04-30 00:00:00,3.242
2012-05-01 00:00:00,2.987
2012-05-02 00:00:00,2.732
2012-05-03 00:00:00,2.49
2012-05-04 00:00:00,2.26
2012-05-05 00:00:00,2.048
2012-05-06 00:00:00,1.853
2012-05-07 00:00:00,1.671
2012-05-08 00:00:00,1.513
2012-05-09 00:00:00,1.419
2012-05-10 00:00:00,1.337
2012-05-11 00:00:00,1.275
2012-05-12 00:00:00,1.238
2012-05-13 00:00:00,1.233
2012-05-14 00:00:00,1.242
2012-05-15 00:00:00,1.237
2012-05-16 00:00:00,1.227
2012-05-17 00:00:00,1.215
2012-05-18 00:00:00,1.203
2012-05-19 00:00:00,1.192
2012-05-20 00:00:00,1.187
2012-05-21 00:00:00,1.172
2012-05-22 00:00:00,1.152
2012-05-23 00:00:00,1.133
2012-05-24 00:00:00,1.113
2012-05-25 00:00:00,1.086
2012-05-26 00:00:00,1.055
2012-05-27 00:00:00,1.023
2012-05-28 00:00:00,0.99
2012-05-29 00:00:00,0.955
2012-05-30 00:00:00,0.926
2012-05-31 00:00:00,0.892
2012-06-01 00:00:00,0.858
2012-06-02 00:00:00,0.822
2012-06-03 00:00:00,0.956
2012-06-04 00:00:00,1.269
2012-06-05 00:00:00,1.376
2012-06-06 00:00:00,1.438
2012-06-07 00:00:00,1.483
2012-06-08 00:00:00,1.479
2012-06-09 00:00:00,1.431
2012-06-10 00:00:00,1.432
2012-06-11 00:00:00,1.418
2012-06-12 00:00:00,1.366
2012-06-13 00:00:00,1.306
2012-06-14 00:00:00,1.248
2012-06-15 00:00:00,1.193
2012-06-16 00:00:00,1.143
2012-06-17 00:00:00,1.1
2012-06-18 00:00:00,1.077
2012-06-19 00:00:00,1.093
2012-06-20 00:00:00,1.14
2012-06-21 00:00:00,1.18
2012-06-22 00:00:00,1.165
2012-06-23 00:00:00,1.129
2012-06-24 00:00:00,1.088
2012-06-25 00:00:00,1.046
2012-06-26 00:00:00,1.056
2012-06-27 00:00:00,1.184
2012-06-28 00:00:00,1.236
2012-06-29 00:00:00,1.226
2012-06-30 00:00:00,1.188
2012-07-01 00:00:00,1.136
2012-07-02 00:00:00,1.079
2012-07-03 00:00:00,1.021
2012-07-04 00:00:00,0.968
2012-07-05 00:00:00,0.914
2012-07-06 00:00:00,0.857
2012-07-07 00:00:00,0.804
2012-07-08 00:00:00,0.757
2012-07-09 00:00:00,0.716
2012-07-10 00:00:00,0.688
2012-07-11 00:00:00,0.678
2012-07-12 00:00:00,0.675
2012-07-13 00:00:00,0.676
2012-07-14 00:00:00,0.661
2012-07-15 00:00:00,0.645
2012-07-16 00:00:00,0.632
2012-07-17 00:00:00,0.677
2012-07-18 00:00:00,0.731
2012-07-19 00:00:00,0.763
2012-07-20 00:00:00,0.761
2012-07-21 00:00:00,0.756
2012-07-22 00:00:00,0.819
2012-07-23 00:00:00,0.924
2012-07-24 00:00:00,0.908
2012-07-25 00:00:00,0.867
2012-07-26 00:00:00,0.824
2012-07-27 00:00:00,0.768
2012-07-28 00:00:00,0.714
2012-07-29 00:00:00,0.666
2012-07-30 00:00:00,0.626
2012-07-31 00:00:00,0.59
2012-08-01 00:00:00,0.558
2012-08-02 00:00:00,0.533
2012-08-03 00:00:00,0.533
2012-08-04 00:00:00,0.51
2012-08-05 00:00:00,0.484
2012-08-06 00:00:00,0.459
2012-08-07 00:00:00,0.558
2012-08-08 00:00:00,0.573
2012-08-09 00:00:00,0.651
2012-08-10 00:00:00,0.695
2012-08-11 00:00:00,0.689
2012-08-12 00:00:00,0.657
2012-08-13 00:00:00,0.619
2012-08-14 00:00:00,0.583
2012-08-15 00:00:00,0.548
2012-08-16 00:00:00,0.515
2012-08-17 00:00:00,0.483
2012-08-18 00:00:00,0.456
2012-08-19 00:00:00,0.435
2012-08-20 00:00:00,0.415
2012-08-21 00:00:00,0.395
2012-08-22 00:00:00,0.377
2012-08-23 00:00:00,0.389
2012-08-24 00:00:00,0.386
2012-08-25 00:00:00,0.395
2012-08-26 00:00:00,0.443
2012-08-27 00:00:00,0.472
2012-08-28 00:00:00,0.548
2012-08-29 00:00:00,0.628
2012-08-30 00:00:00,0.63
2012-08-31 00:00:00,0.597
2012-09-01 00:00:00,0.96
2012-09-02 00:00:00,2.581
2012-09-03 00:00:00,3.493
2012-09-04 00:00:00,3.543
2012-09-05 00:00:00,3.231
2012-09-06 00:00:00,2.906
2012-09-07 00:00:00,2.617
2012-09-08 00:00:00,2.362
2012-09-09 00:00:00,2.136
2012-09-10 00:00:00,1.933
2012-09-11 00:00:00,1.75
2012-09-12 00:00:00,1.578
2012-09-13 00:00:00,1.411
2012-09-14 00:00:00,1.265
2012-09-15 00:00:00,1.147
2012-09-16 00:00:00,1.045
2012-09-17 00:00:00,0.955
2012-09-18 00:00:00,0.879
2012-09-19 00:00:00,0.819
2012-09-20 00:00:00,0.77
2012-09-21 00:00:00,0.727
2012-09-22 00:00:00,0.715
2012-09-23 00:00:00,0.745
2012-09-24 00:00:00,0.894
2012-09-25 00:00:00,1.019
2012-09-26 00:00:00,1.075
2012-09-27 00:00:00,1.093
2012-09-28 00:00:00,1.506
2012-09-29 00:00:00,1.685
2012-09-30 00:00:00,1.757
2012-10-01 00:00:00,1.772
2012-10-02 00:00:00,1.754
2012-10-03 00:00:00,1.714
2012-10-04 00:00:00,1.642
2012-10-05 00:00:00,1.567
2012-10-06 00:00:00,1.574
2012-10-07 00:00:00,1.542
2012-10-08 00:00:00,1.477
2012-10-09 00:00:00,1.397
2012-10-10 00:00:00,1.314
2012-10-11 00:00:00,1.276
2012-10-12 00:00:00,1.249
2012-10-13 00:00:00,1.201
2012-10-14 00:00:00,1.144
2012-10-15 00:00:00,1.089
2012-10-16 00:00:00,1.2
2012-10-17 00:00:00,2.029
2012-10-18 00:00:00,2.235
2012-10-19 00:00:00,2.255
2012-10-20 00:00:00,2.346
2012-10-21 00:00:00,2.358
2012-10-22 00:00:00,2.836
2012-10-23 00:00:00,2.888
2012-10-24 00:00:00,2.805
2012-10-25 00:00:00,2.676
2012-10-26 00:00:00,2.534
2012-10-27 00:00:00,2.385
2012-10-28 00:00:00,2.237
2012-10-29 00:00:00,2.093
2012-10-30 00:00:00,1.966
2012-10-31 00:00:00,2.05
2012-11-01 00:00:00,2.478
2012-11-02 00:00:00,2.558
2012-11-03 00:00:00,2.622
2012-11-04 00:00:00,2.572
2012-11-05 00:00:00,2.475
2012-11-06 00:00:00,2.354
2012-11-07 00:00:00,2.24
2012-11-08 00:00:00,2.129
2012-11-09 00:00:00,2.012
2012-11-10 00:00:00,1.892
2012-11-11 00:00:00,1.777
2012-11-12 00:00:00,1.746
2012-11-13 00:00:00,1.714
2012-11-14 00:00:00,1.65
2012-11-15 00:00:00,1.576
2012-11-16 00:00:00,1.642
2012-11-17 00:00:00,1.644
2012-11-18 00:00:00,1.603
2012-11-19 00:00:00,1.531
2012-11-20 00:00:00,1.445
2012-11-21 00:00:00,1.355
2012-11-22 00:00:00,1.264
2012-11-23 00:00:00,1.174
2012-11-24 00:00:00,1.086
2012-11-25 00:00:00,1.008
2012-11-26 00:00:00,0.937
2012-11-27 00:00:00,0.871
2012-11-28 00:00:00,0.864
2012-11-29 00:00:00,1.341
2012-11-30 00:00:00,1.876
2012-12-01 00:00:00,2.193
2012-12-02 00:00:00,2.285
2012-12-03 00:00:00,2.265
2012-12-04 00:00:00,2.199
2012-12-05 00:00:00,2.12
2012-12-06 00:00:00,2.048
2012-12-07 00:00:00,1.987
2012-12-08 00:00:00,1.919
2012-12-09 00:00:00,1.843
2012-12-10 00:00:00,1.77
2012-12-11 00:00:00,1.698
2012-12-12 00:00:00,1.639
2012-12-13 00:00:00,1.586
2012-12-14 00:00:00,1.536
2012-12-15 00:00:00,1.493
2012-12-16 00:00:00,1.461
2012-12-17 00:00:00,1.479
2012-12-18 00:00:00,1.538
2012-12-19 00:00:00,1.594
2012-12-20 00:00:00,1.626
2012-12-21 00:00:00,1.633
2012-12-22 00:00:00,1.623
2012-12-23 00:00:00,1.601
2012-12-24 00:00:00,1.574
2012-12-25 00:00:00,1.546
2012-12-26 00:00:00,1.518
2012-12-27 00:00:00,1.495
2012-12-28 00:00:00,1.504
2012-12-29 00:00:00,1.538
2012-12-30 00:00:00,1.534
2012-12-31 00:00:00,1.53
2013-01-01 00:00:00,1.72
